ua,software,main_version,sub_version,listening,est_unreachable,total_count
/Satoshi:28.0.0/,Bitcoin Core,v28,v28.0.0,84,2513,2597
/Satoshi:31.1.0/,Bitcoin Core,v31,v31.1.0,1332,20033,21365
/Satoshi:29.0.0/,Bitcoin Core,v29,v29.0.0,122,3185,3307
/Satoshi:28.1.0/,Bitcoin Core,v28,v28.1.0,439,6338,6777
/Satoshi:31.0.0/,Bitcoin Core,v31,v31.0.0,497,7933,8430
/Satoshi:29.3.0/,Bitcoin Core,v29,v29.3.0,35,2861,2896
/Satoshi:29.3.0/Knots:20260210/,Bitcoin Knots,v29,v29.3.0,42,885,927
/Satoshi:30.2.0/,Bitcoin Core,v30,v30.2.0,203,3295,3498
/Satoshi:29.4.1/Knots:20260508/,Bitcoin Knots,v29,v29.4.1,66,2746,2812
/Satoshi:29.4.2/Knots:20260508/,Bitcoin Knots,v29,v29.4.2,161,1303,1464
/Satoshi:29.1.0/Knots:20250903/,Bitcoin Knots,v29,v29.1.0,16,442,458
/Satoshi:29.3.0/Knots:20260508/,Bitcoin Knots,v29,v29.3.0,53,1513,1566
/Satoshi:29.2.0/Knots:20251010/,Bitcoin Knots,v29,v29.2.0,11,302,313
/Satoshi:24.0.1/,Bitcoin Core,v24,v24.0.1,32,805,837
/Satoshi:30.0.0/,Bitcoin Core,v30,v30.0.0,154,3642,3796
/Satoshi:25.0.0/,Bitcoin Core,v25,v25.0.0,56,1508,1564
/Satoshi:29.1.0/,Bitcoin Core,v29,v29.1.0,52,1359,1411
/Satoshi:29.2.0/Knots:20251110/,Bitcoin Knots,v29,v29.2.0,48,1044,1092
/Satoshi:25.1.0/,Bitcoin Core,v25,v25.1.0,277,716,993
/Satoshi:26.1.0/,Bitcoin Core,v26,v26.1.0,4,593,597
/Satoshi:27.0.0/,Bitcoin Core,v27,v27.0.0,690,19223,19913
/Satoshi:27.1.0/,Bitcoin Core,v27,v27.1.0,71,1840,1911
/Satoshi:26.2.0/,Bitcoin Core,v26,v26.2.0,9,852,861
/Satoshi:26.0.0/,Bitcoin Core,v26,v26.0.0,42,1709,1751
/Satoshi:29.2.0/,Bitcoin Core,v29,v29.2.0,76,4130,4206
/Satoshi:29.4.0/Knots:20260508/,Bitcoin Knots,v29,v29.4.0,50,1640,1690
/Satoshi:22.0.0/,Bitcoin Core,v22,v22.0.0,55,1562,1617
/Satoshi:29.3.0/Knots:20260507/,Bitcoin Knots,v29,v29.3.0,148,1875,2023
/Satoshi:0.7.2/,Bitcoin Core,v0.7,v0.7.2,0,39,39
/Satoshi:0.8.6/,Bitcoin Core,v0.8,v0.8.6,0,17,17
/Satoshi:29.4.0/,Bitcoin Core,v29,v29.4.0,48,507,555
/Satoshi:0.19.1/,Bitcoin Core,v0.19,v0.19.1,0,27,27
/Satoshi:27.2.0/,Bitcoin Core,v27,v27.2.0,12,931,943
/Satoshi:0.15.1/,Bitcoin Core,v0.15,v0.15.1,1,36,37
/Satoshi:29.4.1/Knots:20260508rc5/,Bitcoin Knots,v29,v29.4.1,7,63,70
/Satoshi:0.17.0/,Bitcoin Core,v0.17,v0.17.0,0,16,16
/Satoshi:0.12.0/,Bitcoin Core,v0.12,v0.12.0,0,6,6
/Satoshi:24.1.0/,Bitcoin Core,v24,v24.1.0,2,19,21
/Satoshi:29.2.0/Knots:20251110+bip110-v0.1rc3/UASF-BIP110:0.1/,BIP110,v29,v29.2.0,2,30,32
/Satoshi:28.1.0/Knots:20250305/,Bitcoin Knots,v28,v28.1.0,34,1043,1077
/Satoshi:0.1.17.128/,Bitcoin Core,v0.1,v0.1.17,0,76,76
/Satoshi:0.11.0/,Bitcoin Core,v0.11,v0.11.0,0,15,15
/Satoshi:0.21.1/,Bitcoin Core,v0.21,v0.21.1,18,596,614
/Satoshi:0.18.0/,Bitcoin Core,v0.18,v0.18.0,5,50,55
/Satoshi:0.18.1/,Bitcoin Core,v0.18,v0.18.1,3,34,37
/Satoshi:23.2.0/,Bitcoin Core,v23,v23.2.0,0,2,2
/Satoshi:30.3.0/,Bitcoin Core,v30,v30.3.0,15,201,216
/Satoshi:23.0.0/,Bitcoin Core,v23,v23.0.0,14,380,394
/Satoshi:28.99.0/,Bitcoin Core,v28,v28.99.0,2,25,27
/Satoshi:0.12.1/,Bitcoin Core,v0.12,v0.12.1,3,20,23
/Satoshi:29.4.2/Knots:20260508rc2/,Bitcoin Knots,v29,v29.4.2,15,111,126
/Satoshi:0.14.1/,Bitcoin Core,v0.14,v0.14.1,0,21,21
/Satoshi:21.99.0/,Bitcoin Core,v21,v21.99.0,0,5,5
/Satoshi:31.99.0/,Bitcoin Core,v31,v31.99.0,16,201,217
/Satoshi:29.4.1/Knots:20260508rc4/,Bitcoin Knots,v29,v29.4.1,7,168,175
/Satoshi:24.99.0/,Bitcoin Core,v24,v24.99.0,2,7,9
/Satoshi:0.19.0.1/,Bitcoin Core,v0.19,v0.19.0,2,36,38
/Satoshi:0.20.0/,Bitcoin Core,v0.20,v0.20.0,3,56,59
/Satoshi:28.1/,Bitcoin Core,v28,v28.1,0,2,2
/Satoshi:0.14.2/,Bitcoin Core,v0.14,v0.14.2,1,26,27
/Satoshi:28.2.0/,Bitcoin Core,v28,v28.2.0,5,43,48
/Satoshi:0.0.156.64/,Bitcoin Core,v0.0,v0.0.156,0,90,90
/Satoshi:32.99.0/,Bitcoin Core,v32,v32.99.0,3,14,17
/Bither1.6.1/,Bither,,,0,16,16
/btcwire:0.5.0/neutrino:0.12.0-beta/,btcsuite,,,0,72,72
/Bither1.6.2/,Bither,,,0,30,30
/Satoshi:22.1.0/,Bitcoin Core,v22,v22.1.0,1,30,31
/Satoshi:0.17.1/,Bitcoin Core,v0.17,v0.17.1,5,36,41
/Satoshi:0.21.0/,Bitcoin Core,v0.21,v0.21.0,2,105,107
/Satoshi:28.3.0/,Bitcoin Core,v28,v28.3.0,6,33,39
/Satoshi:24.0.0/,Bitcoin Core,v24,v24.0.0,1,17,18
/Satoshi:29.3.0/Knots:20260210+bip110-v0.3/UASF-BIP110:0.1/,BIP110,v29,v29.3.0,4,76,80
/Satoshi:29.3.0/Knots:20260210+bip110-v0.4.1/UASF-BIP110:0.4/,BIP110,v29,v29.3.0,3,123,126
/Satoshi:30.99.0/,Bitcoin Core,v30,v30.99.0,3,14,17
/GrayersDad:08.08.2026+RDTS-in-Spirit /,other,,,1,1,2
/Satoshi:28.4.0/,Bitcoin Core,v28,v28.4.0,11,184,195
/Satoshi:29.2.0/Knots:20251110+bip110-v0.1/UASF-BIP110:0.1/,BIP110,v29,v29.2.0,4,38,42
/Satoshi:0.16.3/,Bitcoin Core,v0.16,v0.16.3,0,15,15
/Satoshi:0.16.1/,Bitcoin Core,v0.16,v0.16.1,0,31,31
/Satoshi:0.20.1/,Bitcoin Core,v0.20,v0.20.1,5,112,117
/Satoshi:32.0.0/,Bitcoin Core,v32,v32.0.0,2,5,7
/Satoshi:25.2.0/,Bitcoin Core,v25,v25.2.0,2,20,22
/Satoshi:25.99.0/,Bitcoin Core,v25,v25.99.0,6,14,20
/Classic:1.3.6/,Bitcoin Classic,,,0,3,3
/Satoshi:0.21.2/,Bitcoin Core,v0.21,v0.21.2,3,5,8
/Satoshi:0.13.2/,Bitcoin Core,v0.13,v0.13.2,0,13,13
/Satoshi:0.15.0.1/,Bitcoin Core,v0.15,v0.15.0,0,29,29
/breadwallet:0.6.2/,bread,,,0,9,9
/Satoshi:0.7.0.3/,Bitcoin Core,v0.7,v0.7.0,0,11,11
/breadwallet:1.4/,bread,,,0,11,11
/Satoshi:0.14.1/Knots:20170420/,Bitcoin Knots,v0.14,v0.14.1,0,4,4
/Satoshi:0.14.2/UASF-Segwit:1.0/,Bitcoin Core,v0.14,v0.14.2,0,5,5
/Satoshi:0.8.0/,Bitcoin Core,v0.8,v0.8.0,0,7,7
/Satoshi:0.14.0/,Bitcoin Core,v0.14,v0.14.0,0,19,19
/Satoshi:0.8.3/,Bitcoin Core,v0.8,v0.8.3,0,3,3
/Satoshi:0.11.1/,Bitcoin Core,v0.11,v0.11.1,0,9,9
/Satoshi:0.15.0/Knots:20170914/,Bitcoin Knots,v0.15,v0.15.0,0,8,8
/Satoshi:0.14.2/UASF-Segwit:0.3/,Bitcoin Core,v0.14,v0.14.2,0,7,7
/Satoshi:0.10.1/,Bitcoin Core,v0.10,v0.10.1,0,7,7
/Satoshi:0.15.0/,Bitcoin Core,v0.15,v0.15.0,0,21,21
/Classic:1.3.4/,Bitcoin Classic,,,0,6,6
/Satoshi:1.0.5/,Bitcoin Core,v1,v1.0.5,0,6,6
/breadwallet:0.6.7/,bread,,,0,6,6
/Satoshi:0.16.2/,Bitcoin Core,v0.16,v0.16.2,2,14,16
/Satoshi:0.8.2.2/,Bitcoin Core,v0.8,v0.8.2,0,6,6
/Satoshi:0.9.1/,Bitcoin Core,v0.9,v0.9.1,0,5,5
/Satoshi:0.10.0/,Bitcoin Core,v0.10,v0.10.0,0,6,6
/Satoshi:0.15.99/,Bitcoin Core,v0.15,v0.15.99,1,7,8
/Satoshi:0.14.2/Knots:20170618/,Bitcoin Knots,v0.14,v0.14.2,0,6,6
/Satoshi:0.9.2/,Bitcoin Core,v0.9,v0.9.2,0,8,8
/Satoshi:0.11.2/,Bitcoin Core,v0.11,v0.11.2,0,31,31
/Satoshi:0.10.2/,Bitcoin Core,v0.10,v0.10.2,0,4,4
/Satoshi:0.14.99/,Bitcoin Core,v0.14,v0.14.99,0,6,6
/Satoshi:0.15.1/Knots:20171111/,Bitcoin Knots,v0.15,v0.15.1,0,6,6
/breadwallet:0.6.5/,bread,,,0,6,6
/Satoshi:0.13.0/,Bitcoin Core,v0.13,v0.13.0,2,9,11
/breadwallet:0.6.6/,bread,,,0,4,4
/breadwallet:1.51/,bread,,,0,6,6
/breadwallet:0.6.8/,bread,,,0,10,10
/breadwallet:0.6.9/,bread,,,0,5,5
/Satoshi:0.16.0/,Bitcoin Core,v0.16,v0.16.0,0,16,16
/Satoshi:0.8.1/,Bitcoin Core,v0.8,v0.8.1,0,7,7
/breadwallet:1.3.5/,bread,,,0,7,7
/Satoshi:0.16.99/,Bitcoin Core,v0.16,v0.16.99,0,4,4
/breadwallet:1.50/,bread,,,0,6,6
/Satoshi:29.3.0/Knots:20260508/NO2CORE/,Bitcoin Knots,v29,v29.3.0,0,1,1
/Satoshi:24.2.0/,Bitcoin Core,v24,v24.2.0,2,12,14
/Satoshi:29.99.0/,Bitcoin Core,v29,v29.99.0,2,19,21
/Satoshi:0.0.126.144/,Bitcoin Core,v0.0,v0.0.126,0,2,2
/Satoshi:29.4.1/Knots:20260508/UASF-BIP110/,BIP110,v29,v29.4.1,0,11,11
/Satoshi:0.14.3/,Bitcoin Core,v0.14,v0.14.3,0,3,3
/btcwire:0.5.0/btcd:0.24.2/,btcsuite,,,1,4,5
/btcwire:0.5.0/hemi-soak:1.0/,btcsuite,,,0,2,2
/btcwire:0.5.0/neutrino:0.17.1/,btcsuite,,,0,18,18
/Satoshi:29.4/Purity:1.0.0/,Bitcoin Core,v29,v29.4,3,4,7
/BitcoinRocks:31.1.1/,other,,,1,2,3
/Satoshi:27.99.0/,Bitcoin Core,v27,v27.99.0,13,13,26
/Satoshi:26.99.0/,Bitcoin Core,v26,v26.99.0,1,13,14
/Satoshi:22.99.0/,Bitcoin Core,v22,v22.99.0,0,5,5
/Satoshi:29.4.0/Purity:20260823/,Bitcoin Core,v29,v29.4.0,1,9,10
/Satoshi:23.0/,Bitcoin Core,v23,v23.0,0,1,1
/Satoshi:2.2.0.6/,Bitcoin Core,v2,v2.2.0,0,1,1
/CKCoinD:31.1.0/,other,,,1,2,3
/Satoshi:23.99.0/,Bitcoin Core,v23,v23.99.0,1,6,7
/btcwire:0.5.0/rscan-p2p:1.0.0/,btcsuite,,,0,5,5
/Satoshi:30.1.0/,Bitcoin Core,v30,v30.1.0,4,16,20
/Satoshi:26.0/,Bitcoin Core,v26,v26.0,0,2,2
/btcwire:0.5.0/btcd:0.23.3/,btcsuite,,,1,3,4
/btcwire:0.5.0/btcd:0.25.0/,btcsuite,,,2,3,5
/btcwire:0.5.0/btc-aw:0.1/,btcsuite,,,0,1,1
/Satoshi:27.1.0/Knots:20240801/,Bitcoin Knots,v27,v27.1.0,0,3,3
/KnotsForkObserver:0.1/,Bitcoin Knots,,,0,1,1
/Satoshi:29.1.0/Knots:.0/,Bitcoin Knots,v29,v29.1.0,0,2,2
/Prometheus:30.0.4/,other,,,4,1,5
/Satoshi:23.1.0/,Bitcoin Core,v23,v23.1.0,2,7,9
/Satoshi:0.27.0.7/,Bitcoin Core,v0.27,v0.27.0,0,1,1
/Satoshi:29.2.0/Knots:20251110/UASF-BIP110:0.1/,BIP110,v29,v29.2.0,0,4,4
/Satoshi:0.8.5/,Bitcoin Core,v0.8,v0.8.5,2,11,13
/Satoshi:0.20.2/,Bitcoin Core,v0.20,v0.20.2,1,1,2
/Ladybug:0.12.0/,other,,,1,0,1
/breadwallet:0.6.4/,bread,,,0,4,4
/Satoshi:0.13.1/,Bitcoin Core,v0.13,v0.13.1,0,7,7
/Classic:1.3.8/,Bitcoin Classic,,,0,4,4
/Satoshi:0.9.3/,Bitcoin Core,v0.9,v0.9.3,0,4,4
/Satoshi:29.3.0/Knots:20260210/UASF-BIP110:0.4/,BIP110,v29,v29.3.0,0,13,13
/Satoshi:0.17.0.1/,Bitcoin Core,v0.17,v0.17.0,2,9,11
/Satoshi:0.9.5/,Bitcoin Core,v0.9,v0.9.5,0,2,2
/Satoshi:21.2.0/Knots:20210629/,Bitcoin Knots,v21,v21.2.0,0,4,4
/Satoshi:0.10.3/,Bitcoin Core,v0.10,v0.10.3,0,1,1
/Satoshi:0.18.99/,Bitcoin Core,v0.18,v0.18.99,0,1,1
/Satoshi:0.19.0/,Bitcoin Core,v0.19,v0.19.0,0,1,1
/Satoshi:29.2.0/Knots:20251110+bip110-v0.1rc1/UASF-BIP110:0.1/,BIP110,v29,v29.2.0,0,1,1
/Satoshi:0.0.125.200/,Bitcoin Core,v0.0,v0.0.125,0,1,1
/BitcoinUnlimited:1.0.3/,Bitcoin Unlimited,,,0,1,1
/Classic:0.11.2/,Bitcoin Classic,,,0,1,1
/Satoshi/,Bitcoin Core,,,0,3,3
/Satoshi:0.9.2.1/,Bitcoin Core,v0.9,v0.9.2,0,1,1
/btcwire:0.5.0/btcd:0.25.1/,btcsuite,,,1,3,4
/Satoshi:29.1.0/Knots:20250903/https:/pyblock.xyz:8443/,Bitcoin Knots,v29,v29.1.0,2,0,2
/Satoshi:0.20.99/,Bitcoin Core,v0.20,v0.20.99,0,2,2
/Satoshi:23.0.0/Knots:20220529/,Bitcoin Knots,v23,v23.0.0,0,1,1
/Satoshi:27.1.0/Knots:20240621/,Bitcoin Knots,v27,v27.1.0,0,1,1
/Satoshi:22.0/,Bitcoin Core,v22,v22.0,0,1,1
/Satoshi:26.1.0/Knots:20240513/,Bitcoin Knots,v26,v26.1.0,0,1,1
/btcwire:0.5.0/btcd:0.26.2/,btcsuite,,,3,1,4
/bip110-observer:0.1/,BIP110,,,0,1,1
/btcwire:0.5.0/utreexod:0.5.2/,btcsuite,,,1,0,1
/Satoshi:1.0.0/,Bitcoin Core,v1,v1.0.0,2,0,2
/Satoshi:29.3.0/Knots:20260906/,Bitcoin Knots,v29,v29.3.0,1,3,4
/Satoshi:29.4.1/Knots:20260508/RUG THE SPAMMERS/,Bitcoin Knots,v29,v29.4.1,0,1,1
/OracleKnots:29.4.2/OracleKnots:20260508/,Bitcoin Knots,,,1,1,2
/Satoshi:31.0.0/Knots:20260508/,Bitcoin Knots,v31,v31.0.0,0,1,1
/Satoshi:22.0.0/Knots:20211108/,Bitcoin Knots,v22,v22.0.0,0,1,1
/Satoshi:29.4.2/Knots:20260508/BLAKE2B/,Bitcoin Knots,v29,v29.4.2,0,1,1
/Satoshi:29.4.2/Knots:20260508rc1/,Bitcoin Knots,v29,v29.4.2,0,1,1
/CKCoinD:31.0.0/,other,,,1,1,2
/OracleKnots:29.4.1/OracleKnots:20260508/,Bitcoin Knots,,,0,1,1
/btcwire:0.5.0/,btcsuite,,,0,1,1
/Satoshi:27.0/,Bitcoin Core,v27,v27.0,0,1,1
/Satoshi:29.3.0/Knots:20260210/UASF-BIP110:0.1/,BIP110,v29,v29.3.0,0,1,1
/Satoshi:29.4.2/Knots:20260508rc2/Umbrel/,Bitcoin Knots,v29,v29.4.2,0,1,1
/Satoshi:29.4.1/Knots:20260508/Umbrel/,Bitcoin Knots,v29,v29.4.1,0,1,1
/Satoshi:29.2.0/Corea:20251021/,Bitcoin Core,v29,v29.2.0,0,1,1
/Satoshi:%2A.%2A.%2A/,Bitcoin Core,,,0,1,1
/Satoshi:29.3.0/UASF-BIP110:0.1/,BIP110,v29,v29.3.0,0,1,1
/btcwire:0.5.0/btcd:0.20.1/,btcsuite,,,0,1,1
/BitcoinUnlimited:1.0.2/,Bitcoin Unlimited,,,1,0,1
/Classic:1.2.0/,Bitcoin Classic,,,1,0,1
/btcwire:0.5.0/btcd:0.26.0/,btcsuite,,,1,0,1
/Satoshi:29.3.0/Flux:20260911/,Bitcoin Core,v29,v29.3.0,1,0,1
/BTC-Nodes:2026-09-30/Delegator/,other,,,1,0,1
/Satoshi:29.3.0/Knots:20260507/RUG THE SPAMMERS/,Bitcoin Knots,v29,v29.3.0,1,0,1
/aver-btc-listener:0.1/,other,,,1,0,1
/Satoshi:0.17.2/,Bitcoin Core,v0.17,v0.17.2,1,0,1
/ouroboros:0.1.0/,other,,,1,0,1
/Rustoshi:0.1.0/,other,,,1,0,1
/blockbrew:0.1.0/,other,,,1,0,1
