year,week,start_date,end_date,mean_count,max_count,min_count,period
2017,17,2017-04-27 23:06:00+00:00,2017-04-30 00:00:05+00:00,45155.75,45618.0,44807.0,1
2017,18,2017-05-01 00:00:05+00:00,2017-05-07 00:00:05+00:00,45976.0,47494.0,44596.0,2
2017,19,2017-05-08 00:00:05+00:00,2017-05-14 00:00:07+00:00,47673.142857142855,48422.0,46982.0,3
2017,20,2017-05-15 00:00:08+00:00,2017-05-21 00:00:06+00:00,47683.0,49237.0,46586.0,4
2017,21,2017-05-22 00:00:06+00:00,2017-05-28 00:00:08+00:00,53855.0,58476.0,50104.0,5
2017,22,2017-05-29 00:00:06+00:00,2017-06-04 00:00:06+00:00,62689.142857142855,65861.0,59384.0,6
2017,23,2017-06-05 00:00:07+00:00,2017-06-11 00:00:08+00:00,69054.14285714286,71887.0,66029.0,7
2017,24,2017-06-12 00:00:08+00:00,2017-06-18 00:00:11+00:00,77248.71428571429,80461.0,73812.0,8
2017,25,2017-06-19 00:00:12+00:00,2017-06-25 00:00:07+00:00,87074.0,89305.0,84015.0,9
2017,26,2017-06-26 00:00:08+00:00,2017-07-02 00:00:08+00:00,92516.28571428571,93345.0,91116.0,10
2017,27,2017-07-03 00:00:12+00:00,2017-07-09 00:00:58+00:00,95739.28571428571,97208.0,93729.0,11
2017,28,2017-07-10 00:00:10+00:00,2017-07-16 00:00:09+00:00,100040.14285714286,101656.0,98540.0,12
2017,29,2017-07-17 00:00:12+00:00,2017-07-23 00:00:23+00:00,99759.85714285714,100996.0,98012.0,13
2017,30,2017-07-24 00:00:20+00:00,2017-07-30 00:00:09+00:00,104125.57142857143,106521.0,100759.0,14
2017,31,2017-07-31 00:00:09+00:00,2017-08-06 00:00:07+00:00,107352.14285714286,108008.0,106869.0,15
2017,32,2017-08-07 00:00:09+00:00,2017-08-13 00:00:09+00:00,107631.14285714286,108498.0,106280.0,16
2017,33,2017-08-14 00:00:10+00:00,2017-08-20 00:00:31+00:00,108818.71428571429,109804.0,107355.0,17
2017,34,2017-08-21 00:00:09+00:00,2017-08-27 00:00:09+00:00,110789.42857142857,111684.0,109954.0,18
2017,35,2017-08-28 00:00:10+00:00,2017-09-03 00:00:10+00:00,109121.28571428571,110665.0,108104.0,19
2017,36,2017-09-04 00:00:08+00:00,2017-09-10 00:00:13+00:00,109285.57142857143,110825.0,108028.0,20
2017,37,2017-09-11 00:00:09+00:00,2017-09-17 00:00:14+00:00,106456.28571428571,108000.0,105281.0,21
2017,38,2017-09-18 00:00:09+00:00,2017-09-24 00:00:08+00:00,110186.28571428571,111419.0,108963.0,22
2017,39,2017-09-25 00:00:08+00:00,2017-10-01 00:00:09+00:00,106017.0,109164.0,101454.0,23
2017,40,2017-10-02 00:00:12+00:00,2017-10-08 00:00:13+00:00,98965.28571428571,100219.0,96757.0,24
2017,41,2017-10-09 00:00:12+00:00,2017-10-15 00:00:20+00:00,94052.14285714286,96528.0,92280.0,25
2017,42,2017-10-16 00:00:40+00:00,2017-10-22 00:00:14+00:00,93875.57142857143,95003.0,93381.0,26
2017,43,2017-10-23 00:00:12+00:00,2017-10-29 00:00:15+00:00,98497.28571428571,101732.0,95956.0,27
2017,44,2017-10-30 00:00:33+00:00,2017-11-05 00:00:47+00:00,110879.42857142857,120074.0,103383.0,28
2017,45,2017-11-06 00:00:13+00:00,2017-11-12 00:00:25+00:00,129417.42857142857,135869.0,122517.0,29
2017,46,2017-11-13 00:00:24+00:00,2017-11-19 00:00:12+00:00,147674.42857142858,152530.0,139656.0,30
2017,47,2017-11-20 00:00:13+00:00,2017-11-26 00:00:17+00:00,156736.2857142857,160080.0,154390.0,31
2018,2,2018-01-14 00:00:15+00:00,2018-01-14 00:00:15+00:00,205456.0,205456.0,205456.0,32
2018,3,2018-01-15 00:00:13+00:00,2018-01-21 00:00:15+00:00,198526.42857142858,203190.0,195317.0,33
2018,4,2018-01-22 00:00:10+00:00,2018-01-28 00:00:13+00:00,190060.0,194424.0,186695.0,34
2018,5,2018-01-29 00:00:10+00:00,2018-02-04 00:00:17+00:00,181366.14285714287,185202.0,179348.0,35
2018,6,2018-02-05 00:00:11+00:00,2018-02-11 00:00:15+00:00,173936.14285714287,178124.0,170809.0,36
2018,7,2018-02-12 00:00:11+00:00,2018-02-18 00:00:11+00:00,164481.7142857143,168867.0,161862.0,37
2018,8,2018-02-19 00:00:11+00:00,2018-02-25 00:01:56+00:00,157294.2857142857,161521.0,153154.0,38
2018,9,2018-02-26 00:00:17+00:00,2018-03-04 00:00:27+00:00,153373.14285714287,154767.0,152000.0,39
2018,10,2018-03-05 00:00:12+00:00,2018-03-11 00:00:14+00:00,150018.2857142857,151566.0,148243.0,40
2018,11,2018-03-12 00:00:13+00:00,2018-03-17 00:00:10+00:00,154876.5,158693.0,152005.0,41
2018,12,2018-03-19 00:00:15+00:00,2018-03-25 00:00:11+00:00,160827.57142857142,162628.0,158891.0,42
2018,13,2018-03-26 00:00:12+00:00,2018-04-01 00:00:15+00:00,164408.14285714287,165452.0,162559.0,43
2018,14,2018-04-02 00:00:12+00:00,2018-04-08 00:00:10+00:00,160947.14285714287,163618.0,158252.0,44
2018,15,2018-04-09 00:00:11+00:00,2018-04-15 00:00:11+00:00,152790.14285714287,156396.0,148959.0,45
2018,16,2018-04-16 00:00:12+00:00,2018-04-22 00:00:16+00:00,146421.7142857143,147913.0,144737.0,46
2018,17,2018-04-23 00:00:12+00:00,2018-04-29 00:00:09+00:00,139572.0,143104.0,137225.0,47
2018,18,2018-04-30 00:00:08+00:00,2018-05-06 00:00:14+00:00,136723.7142857143,137559.0,135977.0,48
2018,19,2018-05-07 00:00:09+00:00,2018-05-13 00:00:51+00:00,137546.14285714287,138686.0,136644.0,49
2018,20,2018-05-14 00:00:26+00:00,2018-05-20 00:00:12+00:00,128642.85714285714,136060.0,121099.0,50
2018,21,2018-05-21 00:00:06+00:00,2018-05-27 00:00:09+00:00,114175.28571428571,118187.0,110965.0,51
2018,22,2018-05-28 00:00:06+00:00,2018-06-03 00:00:11+00:00,103096.14285714286,108633.0,97841.0,52
2018,23,2018-06-04 00:00:09+00:00,2018-06-10 00:00:09+00:00,83657.14285714286,86925.0,80737.0,53
2018,24,2018-06-11 00:00:11+00:00,2018-06-17 00:00:10+00:00,86017.57142857143,88048.0,82976.0,54
2018,25,2018-06-18 00:00:10+00:00,2018-06-24 00:00:11+00:00,86941.57142857143,87948.0,85474.0,55
2018,26,2018-06-25 00:00:09+00:00,2018-07-01 00:00:10+00:00,88048.14285714286,89227.0,86811.0,56
2018,27,2018-07-02 00:00:09+00:00,2018-07-08 00:00:10+00:00,85781.71428571429,87687.0,84743.0,57
2018,28,2018-07-09 00:00:10+00:00,2018-07-15 00:00:11+00:00,81946.85714285714,84479.0,79900.0,58
2018,29,2018-07-16 00:00:09+00:00,2018-07-22 00:00:11+00:00,81544.85714285714,82917.0,80559.0,59
2018,30,2018-07-23 00:00:11+00:00,2018-07-29 00:00:11+00:00,84664.14285714286,85784.0,83590.0,60
2018,31,2018-07-30 00:00:11+00:00,2018-08-05 00:00:23+00:00,88066.57142857143,91285.0,84063.0,61
2018,32,2018-08-06 00:00:12+00:00,2018-08-12 00:00:11+00:00,91206.42857142857,93428.0,89577.0,62
2018,33,2018-08-13 00:00:08+00:00,2018-08-19 00:00:09+00:00,92428.57142857143,94121.0,90400.0,63
2018,34,2018-08-20 00:00:09+00:00,2018-08-26 00:00:10+00:00,91028.57142857143,94658.0,88603.0,64
2018,35,2018-08-27 00:00:09+00:00,2018-09-02 00:00:13+00:00,87350.42857142857,89340.0,86016.0,65
2018,36,2018-09-03 00:00:09+00:00,2018-09-09 00:00:10+00:00,81301.0,85634.0,79835.0,66
2018,37,2018-09-10 00:00:09+00:00,2018-09-16 00:00:13+00:00,78969.57142857143,79713.0,78223.0,67
2018,38,2018-09-17 00:00:09+00:00,2018-09-23 00:00:11+00:00,77389.57142857143,81316.0,72233.0,68
2018,39,2018-09-24 00:00:12+00:00,2018-09-30 00:00:15+00:00,78338.14285714286,78907.0,77442.0,69
2018,46,2018-11-16 00:01:00+00:00,2018-11-18 00:01:04+00:00,76973.66666666667,77710.0,75801.0,70
2018,47,2018-11-19 00:00:17+00:00,2018-11-25 00:00:48+00:00,76684.28571428571,77918.0,74304.0,71
2018,48,2018-11-26 00:00:26+00:00,2018-12-02 00:00:49+00:00,71119.28571428571,73900.0,69048.0,72
2018,49,2018-12-03 00:00:20+00:00,2018-12-09 00:00:15+00:00,67863.85714285714,69995.0,65754.0,73
2018,50,2018-12-10 00:01:08+00:00,2018-12-16 00:00:54+00:00,65456.0,66276.0,64297.0,74
2018,51,2018-12-17 00:00:16+00:00,2018-12-23 00:00:18+00:00,65124.0,67091.0,64503.0,75
2018,52,2018-12-24 00:00:16+00:00,2018-12-30 00:01:00+00:00,64862.142857142855,66770.0,62729.0,76
2019,1,2018-12-31 00:00:19+00:00,2019-01-06 00:00:19+00:00,64579.142857142855,65928.0,62888.0,77
2019,2,2019-01-07 00:00:32+00:00,2019-01-13 00:00:49+00:00,64141.57142857143,65755.0,63232.0,78
2019,3,2019-01-14 00:01:25+00:00,2019-01-20 00:01:00+00:00,64423.28571428572,65223.0,64064.0,79
2019,4,2019-01-21 00:01:19+00:00,2019-01-27 00:00:19+00:00,63801.857142857145,64134.0,63565.0,80
2019,5,2019-01-28 00:00:16+00:00,2019-02-03 00:00:46+00:00,60996.71428571428,63195.0,58885.0,81
2019,6,2019-02-04 00:00:56+00:00,2019-02-10 00:00:57+00:00,60590.857142857145,62099.0,58591.0,82
2019,7,2019-02-11 00:00:31+00:00,2019-02-17 00:00:12+00:00,60395.28571428572,61936.0,59398.0,83
2019,8,2019-02-18 00:00:31+00:00,2019-02-24 00:00:40+00:00,57133.5,59130.0,54642.0,84
2019,9,2019-02-25 00:00:37+00:00,2019-03-03 00:00:33+00:00,56451.57142857143,57058.0,55808.0,85
2019,10,2019-03-04 00:00:31+00:00,2019-03-10 00:00:34+00:00,58471.42857142857,59811.0,56633.0,86
2019,11,2019-03-11 00:00:13+00:00,2019-03-17 00:00:45+00:00,66006.0,73631.0,59767.0,87
2019,12,2019-03-18 00:01:12+00:00,2019-03-24 00:00:59+00:00,82490.28571428571,86972.0,77433.0,88
2019,13,2019-03-25 00:01:31+00:00,2019-03-31 00:01:22+00:00,83488.14285714286,86194.0,81351.0,89
2019,14,2019-04-01 00:00:56+00:00,2019-04-07 00:01:13+00:00,93050.85714285714,100228.0,87685.0,90
2019,15,2019-04-08 00:00:24+00:00,2019-04-14 00:01:45+00:00,101969.42857142857,108670.0,95397.0,91
2019,16,2019-04-15 00:00:19+00:00,2019-04-21 00:01:18+00:00,103703.42857142857,109300.0,99787.0,92
2019,17,2019-04-22 00:01:04+00:00,2019-04-28 00:01:21+00:00,99840.57142857143,102753.0,94413.0,93
2019,18,2019-04-29 00:00:56+00:00,2019-05-05 00:01:14+00:00,99625.57142857143,103585.0,96470.0,94
2019,19,2019-05-06 00:00:49+00:00,2019-05-12 00:01:14+00:00,90480.57142857143,98462.0,81373.0,95
2019,20,2019-05-13 00:00:14+00:00,2019-05-19 00:01:19+00:00,80505.85714285714,82543.0,77935.0,96
2019,21,2019-05-20 00:00:27+00:00,2019-05-26 00:00:20+00:00,76738.71428571429,78486.0,75539.0,97
2019,22,2019-05-27 00:00:54+00:00,2019-06-02 00:01:31+00:00,76414.42857142857,78035.0,74403.0,98
2019,23,2019-06-03 00:00:49+00:00,2019-06-09 00:01:21+00:00,75751.0,78634.0,73800.0,99
2019,24,2019-06-10 00:00:55+00:00,2019-06-16 00:01:12+00:00,75521.42857142857,79561.0,69481.0,100
2019,25,2019-06-17 00:01:04+00:00,2019-06-23 00:01:24+00:00,68682.85714285714,72771.0,66704.0,101
2019,26,2019-06-24 00:00:24+00:00,2019-06-30 00:01:23+00:00,70566.57142857143,73539.0,66428.0,102
2019,27,2019-07-01 00:01:10+00:00,2019-07-07 00:01:19+00:00,75335.71428571429,79470.0,62058.0,103
2019,28,2019-07-08 00:00:25+00:00,2019-07-14 00:01:54+00:00,76521.42857142857,78723.0,74832.0,104
2019,29,2019-07-15 00:00:30+00:00,2019-07-21 00:01:22+00:00,72952.71428571429,74631.0,70780.0,105
2019,30,2019-07-22 00:00:18+00:00,2019-07-28 00:01:12+00:00,70396.71428571429,72107.0,67578.0,106
2019,31,2019-07-29 00:01:03+00:00,2019-08-04 00:01:32+00:00,67272.71428571429,69903.0,66129.0,107
2019,32,2019-08-05 00:01:17+00:00,2019-08-11 00:01:12+00:00,62068.71428571428,68128.0,57456.0,108
2019,33,2019-08-12 00:01:07+00:00,2019-08-18 00:01:08+00:00,62019.0,68245.0,58749.0,109
2019,34,2019-08-21 00:00:16+00:00,2019-08-25 00:01:06+00:00,59546.0,62772.0,53934.0,110
2019,35,2019-08-26 00:00:16+00:00,2019-09-01 00:00:16+00:00,60755.28571428572,62890.0,54654.0,111
2019,36,2019-09-02 00:00:14+00:00,2019-09-08 00:00:17+00:00,58934.857142857145,59839.0,57476.0,112
2019,37,2019-09-09 00:00:50+00:00,2019-09-15 00:00:17+00:00,61256.142857142855,62752.0,59539.0,113
2019,38,2019-09-16 00:00:50+00:00,2019-09-22 00:00:15+00:00,58293.42857142857,60820.0,57151.0,114
2019,39,2019-09-23 00:00:50+00:00,2019-09-29 00:00:22+00:00,56555.28571428572,58422.0,54927.0,115
2019,40,2019-09-30 00:00:54+00:00,2019-10-06 00:01:10+00:00,53846.857142857145,55781.0,52013.0,116
2019,41,2019-10-07 00:00:18+00:00,2019-10-13 00:00:17+00:00,52808.857142857145,54371.0,50999.0,117
2019,42,2019-10-14 00:00:49+00:00,2019-10-20 00:01:13+00:00,54784.142857142855,56641.0,53755.0,118
2019,43,2019-10-21 00:00:17+00:00,2019-10-27 00:00:30+00:00,52385.857142857145,53043.0,51530.0,119
2019,44,2019-10-28 00:01:06+00:00,2019-11-03 00:00:22+00:00,54379.42857142857,57658.0,53195.0,120
2019,45,2019-11-04 00:00:22+00:00,2019-11-10 00:00:20+00:00,55219.57142857143,56750.0,51101.0,121
2019,46,2019-11-11 00:00:20+00:00,2019-11-17 00:00:24+00:00,55088.71428571428,55918.0,54292.0,122
2019,47,2019-11-18 00:00:28+00:00,2019-11-24 00:00:25+00:00,54156.42857142857,55854.0,51043.0,123
2019,48,2019-11-25 00:00:18+00:00,2019-12-01 00:00:25+00:00,55257.57142857143,56823.0,53864.0,124
2019,49,2019-12-02 00:00:24+00:00,2019-12-08 00:00:29+00:00,56456.0,58584.0,54771.0,125
2019,50,2019-12-09 00:00:49+00:00,2019-12-15 00:01:08+00:00,57852.142857142855,58696.0,57317.0,126
2019,51,2019-12-16 00:00:16+00:00,2019-12-22 00:00:20+00:00,55403.28571428572,57113.0,53540.0,127
2019,52,2019-12-23 00:00:48+00:00,2019-12-29 00:00:20+00:00,53770.0,55030.0,50754.0,128
2020,1,2019-12-30 00:00:14+00:00,2020-01-05 00:01:22+00:00,49078.28571428572,50755.0,47541.0,129
2020,2,2020-01-06 00:00:23+00:00,2020-01-12 00:00:28+00:00,49218.0,50285.0,48076.0,130
2020,3,2020-01-13 00:00:18+00:00,2020-01-19 00:00:15+00:00,50119.42857142857,51390.0,48484.0,131
2020,4,2020-01-20 00:00:19+00:00,2020-01-26 00:00:19+00:00,52213.71428571428,53453.0,51480.0,132
2020,5,2020-01-27 00:00:15+00:00,2020-02-02 00:00:20+00:00,50636.857142857145,52443.0,48833.0,133
2020,6,2020-02-03 00:00:14+00:00,2020-02-09 00:01:07+00:00,49960.142857142855,50692.0,49029.0,134
2020,7,2020-02-10 00:00:18+00:00,2020-02-16 00:01:16+00:00,52075.142857142855,53477.0,50397.0,135
2020,8,2020-02-17 00:00:18+00:00,2020-02-23 00:00:22+00:00,53732.42857142857,55287.0,52768.0,136
2020,9,2020-02-24 00:00:18+00:00,2020-03-01 00:00:23+00:00,56522.57142857143,57336.0,55383.0,137
2020,10,2020-03-02 00:01:03+00:00,2020-03-08 00:01:12+00:00,55891.57142857143,57443.0,54245.0,138
2020,11,2020-03-09 00:00:19+00:00,2020-03-15 00:00:20+00:00,54729.57142857143,55744.0,53241.0,139
2020,12,2020-03-16 00:00:51+00:00,2020-03-22 00:00:23+00:00,52461.42857142857,54688.0,50124.0,140
2020,13,2020-03-23 00:00:19+00:00,2020-03-29 00:00:32+00:00,49552.71428571428,51116.0,47431.0,141
2020,14,2020-03-30 00:00:54+00:00,2020-04-05 00:00:20+00:00,48066.71428571428,49090.0,47434.0,142
2020,15,2020-04-06 00:00:23+00:00,2020-04-12 00:01:22+00:00,47588.71428571428,48169.0,47236.0,143
2020,16,2020-04-13 00:00:49+00:00,2020-04-19 00:00:21+00:00,49574.28571428572,51280.0,47024.0,144
2020,17,2020-04-20 00:00:19+00:00,2020-04-26 00:00:20+00:00,51339.71428571428,52710.0,50190.0,145
2020,18,2020-04-27 00:00:14+00:00,2020-05-03 00:01:05+00:00,49635.42857142857,51732.0,47597.0,146
2020,19,2020-05-04 00:00:19+00:00,2020-05-10 00:01:01+00:00,46445.142857142855,47955.0,43857.0,147
2020,20,2020-05-11 00:00:13+00:00,2020-05-17 00:00:23+00:00,46121.57142857143,46937.0,45619.0,148
2020,21,2020-05-18 00:00:19+00:00,2020-05-24 00:00:19+00:00,44120.57142857143,44786.0,43159.0,149
2020,22,2020-05-25 00:00:36+00:00,2020-05-31 00:00:24+00:00,43885.28571428572,44809.0,43427.0,150
2020,23,2020-06-01 00:00:39+00:00,2020-06-07 00:00:20+00:00,44845.857142857145,46805.0,43469.0,151
2020,24,2020-06-08 00:00:15+00:00,2020-06-14 00:00:24+00:00,46078.142857142855,46341.0,45585.0,152
2020,25,2020-06-15 00:00:42+00:00,2020-06-21 00:00:32+00:00,48164.42857142857,48761.0,47135.0,153
2020,26,2020-06-22 00:00:31+00:00,2020-06-28 00:01:18+00:00,47600.0,48887.0,44717.0,154
2020,27,2020-06-29 00:00:17+00:00,2020-07-05 00:00:57+00:00,45170.42857142857,46512.0,43670.0,155
2020,28,2020-07-06 00:00:22+00:00,2020-07-12 00:00:21+00:00,45499.28571428572,46636.0,44444.0,156
2020,29,2020-07-13 00:00:22+00:00,2020-07-19 00:01:11+00:00,45008.42857142857,45626.0,44141.0,157
2020,30,2020-07-20 00:00:26+00:00,2020-07-26 00:00:25+00:00,44099.28571428572,45694.0,42527.0,158
2020,31,2020-07-27 00:00:30+00:00,2020-08-02 00:01:11+00:00,46796.142857142855,49652.0,45578.0,159
2020,32,2020-08-03 00:00:59+00:00,2020-08-09 00:00:20+00:00,45370.0,46621.0,44390.0,160
2020,33,2020-08-10 00:00:17+00:00,2020-08-16 00:00:16+00:00,45824.142857142855,46597.0,44403.0,161
2020,34,2020-08-17 00:00:44+00:00,2020-08-23 00:01:06+00:00,44787.57142857143,45922.0,43524.0,162
2020,35,2020-08-24 00:00:16+00:00,2020-08-30 00:01:16+00:00,44057.28571428572,45916.0,42942.0,163
2020,36,2020-08-31 00:00:25+00:00,2020-09-06 00:00:28+00:00,42151.0,42926.0,41412.0,164
2020,37,2020-09-07 00:00:23+00:00,2020-09-13 00:00:22+00:00,44009.57142857143,45359.0,42903.0,165
2020,38,2020-09-14 00:00:24+00:00,2020-09-20 00:01:25+00:00,45655.71428571428,46723.0,43798.0,166
2020,39,2020-09-21 00:00:24+00:00,2020-09-27 00:00:19+00:00,46488.0,47791.0,45515.0,167
2020,40,2020-09-28 00:00:42+00:00,2020-10-04 00:00:18+00:00,45242.71428571428,46588.0,43216.0,168
2020,41,2020-10-05 00:00:51+00:00,2020-10-11 00:00:22+00:00,42755.42857142857,43462.0,41688.0,169
2020,42,2020-10-12 00:00:59+00:00,2020-10-18 00:01:16+00:00,42432.857142857145,43579.0,41023.0,170
2020,43,2020-10-19 00:00:18+00:00,2020-10-25 00:00:25+00:00,39895.142857142855,40885.0,39018.0,171
2020,44,2020-10-26 00:00:34+00:00,2020-11-01 00:00:32+00:00,38668.28571428572,40247.0,37509.0,172
2020,45,2020-11-02 00:01:13+00:00,2020-11-05 00:00:19+00:00,39942.5,39978.0,39918.0,173
2020,46,2020-11-15 01:34:21+00:00,2020-11-15 01:34:21+00:00,40860.0,40860.0,40860.0,174
2020,47,2020-11-16 00:00:10+00:00,2020-11-22 00:00:12+00:00,42437.0,44866.0,39540.0,175
2020,48,2020-11-23 00:00:09+00:00,2020-11-29 00:00:11+00:00,47129.71428571428,48130.0,45507.0,176
2020,49,2020-11-30 00:00:12+00:00,2020-12-06 00:00:28+00:00,49463.42857142857,50801.0,47851.0,177
2020,50,2020-12-07 00:00:08+00:00,2020-12-13 00:00:12+00:00,47713.142857142855,50646.0,44989.0,178
2020,51,2020-12-14 00:00:07+00:00,2020-12-20 00:00:09+00:00,48221.28571428572,49570.0,47057.0,179
2020,52,2020-12-21 00:00:09+00:00,2020-12-27 00:00:24+00:00,46481.57142857143,48223.0,45413.0,180
2020,53,2020-12-28 00:00:09+00:00,2021-01-03 00:00:33+00:00,47218.857142857145,48517.0,45711.0,181
2021,1,2021-01-04 00:00:12+00:00,2021-01-10 00:00:32+00:00,51418.857142857145,55252.0,49043.0,182
2021,2,2021-01-11 00:00:09+00:00,2021-01-17 00:00:09+00:00,62100.28571428572,80274.0,54170.0,183
2021,3,2021-01-18 00:00:09+00:00,2021-01-24 00:00:12+00:00,84064.28571428571,84950.0,83111.0,184
2021,4,2021-01-25 00:00:09+00:00,2021-01-31 00:00:09+00:00,84204.57142857143,87418.0,82246.0,185
2021,5,2021-02-01 00:00:09+00:00,2021-02-07 00:00:11+00:00,82157.71428571429,85477.0,79395.0,186
2021,6,2021-02-08 00:00:10+00:00,2021-02-14 00:00:15+00:00,78644.42857142857,80135.0,77445.0,187
2021,11,2021-03-19 14:55:14+00:00,2021-03-21 00:00:13+00:00,90707.0,90903.0,90345.0,188
2021,12,2021-03-22 00:00:35+00:00,2021-03-28 00:00:14+00:00,89117.42857142857,91876.0,87668.0,189
2021,13,2021-03-29 00:00:15+00:00,2021-04-04 00:00:16+00:00,89798.14285714286,94435.0,85354.0,190
2021,14,2021-04-05 00:00:09+00:00,2021-04-11 00:00:17+00:00,86446.71428571429,89290.0,84289.0,191
2021,15,2021-04-12 00:00:10+00:00,2021-04-18 00:00:19+00:00,85462.57142857143,87074.0,83069.0,192
2021,16,2021-04-19 00:00:17+00:00,2021-04-25 00:00:14+00:00,82327.0,84419.0,80650.0,193
2021,17,2021-04-26 00:00:20+00:00,2021-04-26 00:00:20+00:00,79496.0,79496.0,79496.0,194
2021,21,2021-05-27 01:39:48+00:00,2021-05-30 00:01:04+00:00,74483.75,75811.0,72969.0,195
2021,22,2021-05-31 00:00:16+00:00,2021-06-06 00:00:14+00:00,72436.71428571429,73511.0,70273.0,196
2021,23,2021-06-07 00:00:12+00:00,2021-06-13 00:00:13+00:00,69714.42857142857,72898.0,67685.0,197
2021,24,2021-06-14 00:00:10+00:00,2021-06-20 00:00:22+00:00,66015.71428571429,67841.0,63568.0,198
2021,25,2021-06-21 00:00:16+00:00,2021-06-27 00:00:23+00:00,64915.28571428572,65861.0,63870.0,199
2021,26,2021-06-28 00:00:14+00:00,2021-07-04 00:00:23+00:00,61805.57142857143,64065.0,60567.0,200
2021,27,2021-07-05 00:00:11+00:00,2021-07-11 00:00:18+00:00,61413.857142857145,62878.0,59254.0,201
2021,28,2021-07-12 00:00:11+00:00,2021-07-18 00:00:18+00:00,64120.28571428572,68367.0,61528.0,202
2021,29,2021-07-19 00:00:13+00:00,2021-07-24 00:00:22+00:00,66378.16666666667,67405.0,65657.0,203
2021,39,2021-10-01 00:00:03+00:00,2021-10-03 00:00:04+00:00,63845.0,64135.0,63481.0,204
2021,40,2021-10-04 00:00:05+00:00,2021-10-10 00:00:05+00:00,58117.57142857143,60079.0,54384.0,205
2021,41,2021-10-11 00:00:04+00:00,2021-10-17 00:00:12+00:00,55717.857142857145,56501.0,54459.0,206
2021,42,2021-10-18 00:00:05+00:00,2021-10-24 00:00:07+00:00,57155.857142857145,58493.0,56405.0,207
2021,43,2021-10-25 00:00:03+00:00,2021-10-31 00:00:09+00:00,58361.57142857143,59798.0,57116.0,208
2021,44,2021-11-01 00:00:05+00:00,2021-11-07 00:00:08+00:00,60400.28571428572,62053.0,59540.0,209
2021,45,2021-11-08 00:00:06+00:00,2021-11-14 00:00:07+00:00,59055.28571428572,61061.0,57568.0,210
2021,46,2021-11-15 00:00:07+00:00,2021-11-21 00:00:07+00:00,60879.42857142857,61325.0,60234.0,211
2021,47,2021-11-22 00:00:04+00:00,2021-11-28 00:00:06+00:00,58203.57142857143,60851.0,55902.0,212
2021,48,2021-11-29 00:00:06+00:00,2021-12-05 00:00:09+00:00,59706.0,62632.0,56989.0,213
2021,49,2021-12-06 00:00:12+00:00,2021-12-12 00:00:10+00:00,61313.857142857145,62651.0,59784.0,214
2021,50,2021-12-13 00:00:05+00:00,2021-12-19 00:00:11+00:00,65107.28571428572,70658.0,62392.0,215
2021,51,2021-12-20 00:00:02+00:00,2021-12-26 00:00:06+00:00,52374.42857142857,52771.0,52029.0,216
2021,52,2021-12-27 00:00:06+00:00,2022-01-02 00:00:08+00:00,50903.142857142855,52479.0,49379.0,217
2022,1,2022-01-03 00:00:03+00:00,2022-01-09 00:00:06+00:00,49209.0,49569.0,48788.0,218
2022,2,2022-01-10 00:00:04+00:00,2022-01-16 00:00:09+00:00,48029.142857142855,48427.0,47369.0,219
2022,3,2022-01-17 00:00:07+00:00,2022-01-23 00:00:06+00:00,47617.142857142855,49995.0,40895.0,220
2022,4,2022-01-24 00:00:03+00:00,2022-01-30 00:00:06+00:00,49839.0,50243.0,48536.0,221
2022,5,2022-01-31 00:00:06+00:00,2022-02-06 00:00:08+00:00,49230.5,49555.0,48814.0,222
2022,6,2022-02-07 00:00:04+00:00,2022-02-13 00:00:09+00:00,48232.2,48923.0,47765.0,223
2022,7,2022-02-14 00:00:05+00:00,2022-02-20 00:00:08+00:00,47791.28571428572,48469.0,47112.0,224
2022,8,2022-02-21 00:00:04+00:00,2022-02-27 00:00:09+00:00,48328.28571428572,49161.0,47534.0,225
2022,9,2022-02-28 00:00:03+00:00,2022-03-06 00:00:09+00:00,48690.0,49237.0,48283.0,226
2022,10,2022-03-07 00:00:10+00:00,2022-03-13 00:00:06+00:00,48739.42857142857,49519.0,47604.0,227
2022,11,2022-03-14 00:00:08+00:00,2022-03-20 00:00:04+00:00,50183.28571428572,50922.0,49749.0,228
2022,12,2022-03-21 00:00:13+00:00,2022-03-27 00:00:06+00:00,51976.42857142857,52618.0,51048.0,229
2022,13,2022-03-28 00:00:06+00:00,2022-04-03 00:00:09+00:00,52420.0,52899.0,52135.0,230
2022,14,2022-04-04 00:00:07+00:00,2022-04-10 00:00:10+00:00,51436.42857142857,52134.0,50910.0,231
2022,15,2022-04-11 00:00:06+00:00,2022-04-17 00:00:06+00:00,51293.42857142857,52105.0,50512.0,232
2022,16,2022-04-18 00:00:07+00:00,2022-04-24 00:00:15+00:00,50827.42857142857,51337.0,50237.0,233
2022,17,2022-04-25 00:00:05+00:00,2022-05-01 00:00:09+00:00,50852.857142857145,51297.0,50343.0,234
2022,18,2022-05-02 00:00:07+00:00,2022-05-08 00:00:08+00:00,50893.857142857145,51745.0,49923.0,235
2022,19,2022-05-09 00:00:06+00:00,2022-05-15 00:00:09+00:00,50935.0,52087.0,50540.0,236
2022,20,2022-05-16 00:00:08+00:00,2022-05-22 00:00:11+00:00,50271.28571428572,50921.0,49694.0,237
2022,21,2022-05-23 00:00:06+00:00,2022-05-29 00:00:04+00:00,49533.142857142855,50361.0,48922.0,238
2022,22,2022-05-30 00:00:05+00:00,2022-06-05 00:00:08+00:00,49132.28571428572,49278.0,48835.0,239
2022,23,2022-06-06 00:00:06+00:00,2022-06-12 00:00:08+00:00,49479.857142857145,50309.0,48383.0,240
2022,24,2022-06-13 00:00:07+00:00,2022-06-19 00:00:09+00:00,49049.857142857145,49215.0,48741.0,241
2022,25,2022-06-20 00:00:04+00:00,2022-06-26 00:00:09+00:00,49260.28571428572,49553.0,48643.0,242
2022,26,2022-06-27 00:00:09+00:00,2022-07-03 00:00:08+00:00,49168.28571428572,49894.0,48590.0,243
2022,27,2022-07-04 00:00:06+00:00,2022-07-10 00:00:08+00:00,47802.857142857145,49287.0,46782.0,244
2022,28,2022-07-11 00:00:07+00:00,2022-07-17 00:00:07+00:00,46486.28571428572,46930.0,46037.0,245
2022,29,2022-07-18 00:00:06+00:00,2022-07-24 00:00:11+00:00,46203.0,46832.0,45452.0,246
2022,30,2022-07-25 00:00:04+00:00,2022-07-31 00:00:14+00:00,45787.71428571428,46325.0,45273.0,247
2022,31,2022-08-01 00:00:08+00:00,2022-08-07 00:00:05+00:00,44663.375,45474.0,44237.0,248
2022,32,2022-08-08 00:00:06+00:00,2022-08-14 00:00:08+00:00,44093.0,45338.0,43404.0,249
2022,33,2022-08-15 00:00:06+00:00,2022-08-21 00:00:07+00:00,44557.857142857145,45013.0,44009.0,250
2022,34,2022-08-22 00:00:06+00:00,2022-08-28 00:00:09+00:00,45086.42857142857,45496.0,44341.0,251
2022,35,2022-08-29 00:00:06+00:00,2022-09-04 00:00:08+00:00,46325.142857142855,47005.0,45696.0,252
2022,36,2022-09-05 00:00:06+00:00,2022-09-11 00:00:08+00:00,46161.857142857145,46797.0,45736.0,253
2022,37,2022-09-12 00:00:17+00:00,2022-09-18 00:00:11+00:00,45793.57142857143,46609.0,44267.0,254
2022,38,2022-09-19 00:00:05+00:00,2022-09-25 00:00:08+00:00,45142.833333333336,45691.0,44277.0,255
2022,39,2022-09-26 00:00:06+00:00,2022-10-02 00:00:12+00:00,44064.42857142857,45304.0,39311.0,256
2022,40,2022-10-03 00:00:08+00:00,2022-10-09 00:00:09+00:00,44703.857142857145,45587.0,44043.0,257
2022,41,2022-10-10 00:00:10+00:00,2022-10-16 00:00:09+00:00,45477.0,46363.0,44849.0,258
2022,42,2022-10-17 00:00:08+00:00,2022-10-23 00:00:06+00:00,44874.28571428572,46027.0,42750.0,259
2022,43,2022-10-24 00:00:06+00:00,2022-10-30 00:00:07+00:00,45280.857142857145,46228.0,44355.0,260
2022,44,2022-10-31 00:00:02+00:00,2022-11-06 00:00:06+00:00,44989.71428571428,45782.0,44304.0,261
2022,45,2022-11-07 00:00:05+00:00,2022-11-13 00:00:09+00:00,43992.57142857143,44379.0,43523.0,262
2022,46,2022-11-14 00:00:13+00:00,2022-11-20 00:00:07+00:00,42762.42857142857,44630.0,35867.0,263
2022,47,2022-11-21 00:00:05+00:00,2022-11-27 00:00:05+00:00,44133.42857142857,44549.0,43775.0,264
2022,48,2022-11-28 00:00:06+00:00,2022-12-04 00:00:03+00:00,44654.142857142855,45201.0,44109.0,265
2022,49,2022-12-05 00:00:08+00:00,2022-12-11 00:00:08+00:00,46305.71428571428,47315.0,45638.0,266
2022,50,2022-12-12 00:00:05+00:00,2022-12-18 00:00:08+00:00,46210.857142857145,46701.0,45190.0,267
2022,51,2022-12-19 00:00:07+00:00,2022-12-25 00:00:07+00:00,47372.28571428572,47947.0,46427.0,268
2022,52,2022-12-26 00:00:06+00:00,2023-01-01 00:00:07+00:00,47504.857142857145,48113.0,46640.0,269
2023,1,2023-01-02 00:00:05+00:00,2023-01-08 00:00:07+00:00,46905.57142857143,47296.0,46219.0,270
2023,2,2023-01-09 00:00:06+00:00,2023-01-15 00:00:10+00:00,47391.28571428572,47930.0,46817.0,271
2023,3,2023-01-16 00:00:06+00:00,2023-01-22 00:00:10+00:00,48703.28571428572,49202.0,48169.0,272
2023,4,2023-01-23 00:00:04+00:00,2023-01-29 00:00:04+00:00,48175.28571428572,48944.0,47492.0,273
2023,5,2023-01-30 00:00:03+00:00,2023-02-05 00:00:08+00:00,48821.142857142855,49936.0,47281.0,274
2023,6,2023-02-06 00:00:06+00:00,2023-02-12 00:00:10+00:00,50812.71428571428,52238.0,49738.0,275
2023,7,2023-02-13 00:00:05+00:00,2023-02-19 00:00:07+00:00,53054.57142857143,53352.0,52525.0,276
2023,8,2023-02-20 00:00:05+00:00,2023-02-26 00:00:08+00:00,52980.857142857145,53694.0,52358.0,277
2023,9,2023-02-27 00:00:06+00:00,2023-03-05 00:00:08+00:00,53334.142857142855,53928.0,52636.0,278
2023,10,2023-03-06 00:00:03+00:00,2023-03-12 00:00:04+00:00,51725.0,53810.0,42355.0,279
2023,11,2023-03-13 00:00:05+00:00,2023-03-19 00:00:07+00:00,51767.42857142857,52193.0,51233.0,280
2023,12,2023-03-20 00:00:06+00:00,2023-03-26 00:00:05+00:00,51312.71428571428,52200.0,50158.0,281
2023,13,2023-03-27 00:00:06+00:00,2023-04-02 00:00:07+00:00,50339.0,51217.0,49314.0,282
2023,14,2023-04-03 00:00:06+00:00,2023-04-09 00:00:07+00:00,50010.28571428572,50883.0,49378.0,283
2023,15,2023-04-10 00:00:05+00:00,2023-04-16 00:00:07+00:00,49863.857142857145,50511.0,48629.0,284
2023,16,2023-04-17 00:00:07+00:00,2023-04-23 00:00:11+00:00,50031.57142857143,51045.0,48890.0,285
2023,17,2023-04-24 00:00:08+00:00,2023-04-30 00:00:08+00:00,49844.0,50395.0,48886.0,286
2023,18,2023-05-01 00:00:05+00:00,2023-05-07 00:00:06+00:00,49038.142857142855,50300.0,48285.0,287
2023,19,2023-05-08 00:00:06+00:00,2023-05-14 00:00:04+00:00,47713.142857142855,48008.0,47366.0,288
2023,20,2023-05-15 00:00:10+00:00,2023-05-21 00:00:05+00:00,46679.42857142857,47818.0,42630.0,289
2023,21,2023-05-22 00:00:09+00:00,2023-05-28 00:00:06+00:00,47513.0,48227.0,47135.0,290
2023,22,2023-05-29 00:00:09+00:00,2023-06-04 00:00:06+00:00,49488.0,50296.0,48567.0,291
2023,23,2023-06-05 00:00:06+00:00,2023-06-11 00:00:09+00:00,49893.28571428572,50570.0,48781.0,292
2023,24,2023-06-12 00:00:06+00:00,2023-06-18 00:00:08+00:00,49727.71428571428,50335.0,49249.0,293
2023,25,2023-06-19 00:00:07+00:00,2023-06-25 00:00:10+00:00,49829.28571428572,50244.0,49433.0,294
2023,26,2023-06-26 00:00:06+00:00,2023-07-02 00:00:05+00:00,48515.142857142855,49433.0,47583.0,295
2023,27,2023-07-03 00:00:05+00:00,2023-07-09 00:00:10+00:00,47694.28571428572,49333.0,39092.0,296
2023,28,2023-07-10 00:00:04+00:00,2023-07-16 00:00:07+00:00,49170.28571428572,49447.0,48574.0,297
2023,29,2023-07-17 00:00:05+00:00,2023-07-23 00:00:07+00:00,49276.71428571428,50197.0,48174.0,298
2023,30,2023-07-24 00:00:05+00:00,2023-07-30 00:00:07+00:00,48894.142857142855,49351.0,48535.0,299
2023,31,2023-07-31 00:00:07+00:00,2023-08-06 00:00:03+00:00,48466.857142857145,49001.0,47797.0,300
2023,32,2023-08-07 00:00:09+00:00,2023-08-13 00:00:08+00:00,48006.0,49051.0,47318.0,301
2023,33,2023-08-14 00:00:06+00:00,2023-08-20 00:00:10+00:00,48561.71428571428,48864.0,48142.0,302
2023,34,2023-08-21 00:00:06+00:00,2023-08-27 00:00:10+00:00,49135.71428571428,49847.0,48287.0,303
2023,35,2023-08-28 00:00:06+00:00,2023-09-03 00:00:04+00:00,49367.28571428572,49814.0,49074.0,304
2023,36,2023-09-04 00:00:05+00:00,2023-09-10 00:00:09+00:00,50573.142857142855,50956.0,49584.0,305
2023,37,2023-09-11 00:00:06+00:00,2023-09-17 00:00:07+00:00,51762.42857142857,52667.0,51185.0,306
2023,38,2023-09-18 00:00:05+00:00,2023-09-18 00:00:05+00:00,52364.0,52364.0,52364.0,307
2023,39,2023-09-26 00:00:05+00:00,2023-10-01 00:00:03+00:00,53419.0,53881.0,53173.0,308
2023,40,2023-10-02 00:00:04+00:00,2023-10-08 00:00:03+00:00,53102.71428571428,53620.0,52393.0,309
2023,41,2023-10-09 00:00:06+00:00,2023-10-15 00:00:09+00:00,52177.71428571428,52685.0,51050.0,310
2023,42,2023-10-16 00:00:07+00:00,2023-10-22 00:00:06+00:00,53027.57142857143,54016.0,51558.0,311
2023,43,2023-10-23 00:00:05+00:00,2023-10-29 00:00:05+00:00,56125.42857142857,57631.0,54294.0,312
2023,44,2023-10-30 00:00:05+00:00,2023-11-05 00:00:05+00:00,58846.57142857143,60042.0,58097.0,313
2023,45,2023-11-06 00:00:05+00:00,2023-11-12 00:00:09+00:00,60685.42857142857,61037.0,60101.0,314
2023,46,2023-11-13 00:00:06+00:00,2023-11-19 00:00:07+00:00,63500.142857142855,64428.0,62755.0,315
2023,47,2023-11-20 00:00:06+00:00,2023-11-26 00:00:09+00:00,61907.142857142855,62460.0,61378.0,316
2023,48,2023-11-27 00:00:07+00:00,2023-12-03 00:00:09+00:00,62907.28571428572,64313.0,59475.0,317
2023,49,2023-12-04 00:00:11+00:00,2023-12-10 00:00:09+00:00,66649.57142857143,67614.0,65759.0,318
2023,50,2023-12-11 00:00:05+00:00,2023-12-17 00:00:08+00:00,66615.14285714286,67219.0,66133.0,319
2023,51,2023-12-18 00:00:05+00:00,2023-12-24 00:00:06+00:00,66085.75,66491.0,65506.0,320
2023,52,2023-12-25 00:00:09+00:00,2023-12-31 00:00:16+00:00,,,,321
2024,1,2024-01-01 00:00:05+00:00,2024-01-07 00:00:14+00:00,64563.0,64932.0,64226.0,322
2024,2,2024-01-08 00:00:07+00:00,2024-01-11 00:00:06+00:00,66089.0,67567.0,64371.0,323
2024,3,2024-01-15 05:07:13+00:00,2024-01-21 00:00:08+00:00,67232.28571428571,67707.0,66707.0,324
2024,4,2024-01-22 00:00:09+00:00,2024-01-28 00:00:08+00:00,67854.85714285714,69482.0,66613.0,325
2024,5,2024-01-29 00:00:06+00:00,2024-02-04 00:00:07+00:00,72496.14285714286,74374.0,70197.0,326
2024,6,2024-02-05 00:00:07+00:00,2024-02-11 00:00:09+00:00,72728.57142857143,73991.0,71529.0,327
2024,7,2024-02-12 00:00:07+00:00,2024-02-18 00:00:07+00:00,72030.42857142857,72381.0,71640.0,328
2024,8,2024-02-19 00:00:03+00:00,2024-02-25 00:00:06+00:00,70542.14285714286,72200.0,67867.0,329
2024,9,2024-02-26 00:00:05+00:00,2024-03-03 00:00:08+00:00,67652.42857142857,68773.0,66631.0,330
2024,10,2024-03-04 00:00:08+00:00,2024-03-10 00:00:07+00:00,68907.57142857143,70762.0,67952.0,331
2024,11,2024-03-11 00:00:09+00:00,2024-03-17 00:00:12+00:00,72961.42857142857,74891.0,71328.0,332
2024,12,2024-03-18 00:00:05+00:00,2024-03-24 00:00:06+00:00,74962.14285714286,76091.0,73862.0,333
2024,13,2024-03-25 00:00:05+00:00,2024-03-31 00:00:08+00:00,74724.28571428571,75976.0,73860.0,334
2024,14,2024-04-01 00:00:05+00:00,2024-04-07 00:00:06+00:00,74025.14285714286,74793.0,73243.0,335
2024,15,2024-04-08 00:00:07+00:00,2024-04-14 00:00:07+00:00,75539.14285714286,77843.0,73251.0,336
2024,16,2024-04-15 00:00:05+00:00,2024-04-21 00:00:07+00:00,84063.57142857143,89814.0,78174.0,337
2024,17,2024-04-22 00:00:06+00:00,2024-04-28 00:00:05+00:00,89211.28571428571,90994.0,87919.0,338
2024,18,2024-04-29 00:00:05+00:00,2024-05-05 00:00:10+00:00,86134.28571428571,87251.0,85216.0,339
2024,19,2024-05-06 00:00:06+00:00,2024-05-12 00:00:08+00:00,83329.28571428571,85339.0,81616.0,340
2024,20,2024-05-13 00:00:06+00:00,2024-05-19 00:00:05+00:00,79708.71428571429,81960.0,76996.0,341
2024,21,2024-05-20 00:00:05+00:00,2024-05-26 00:00:03+00:00,75287.71428571429,76522.0,73888.0,342
2024,22,2024-05-27 00:00:06+00:00,2024-06-02 00:00:06+00:00,73686.875,74293.0,72876.0,343
2024,23,2024-06-03 00:00:06+00:00,2024-06-09 00:00:08+00:00,73693.375,74632.0,72024.0,344
2024,24,2024-06-10 00:00:10+00:00,2024-06-16 00:00:09+00:00,73423.57142857143,74591.0,72879.0,345
2024,25,2024-06-17 00:00:05+00:00,2024-06-23 00:00:08+00:00,72974.71428571429,73614.0,72461.0,346
2024,26,2024-06-24 00:00:05+00:00,2024-06-30 00:00:07+00:00,71981.14285714286,72452.0,71424.0,347
2024,27,2024-07-01 00:00:07+00:00,2024-07-07 00:00:07+00:00,71053.71428571429,71699.0,70123.0,348
2024,28,2024-07-08 00:00:05+00:00,2024-07-14 00:00:05+00:00,71312.14285714286,72137.0,70448.0,349
2024,29,2024-07-15 00:00:05+00:00,2024-07-21 00:00:10+00:00,70883.0,72285.0,68942.0,350
2024,30,2024-07-22 00:00:08+00:00,2024-07-28 00:00:06+00:00,71764.28571428571,73131.0,68428.0,351
2024,31,2024-07-29 00:00:05+00:00,2024-08-04 00:00:06+00:00,70644.0,71755.0,69898.0,352
2024,32,2024-08-05 00:00:06+00:00,2024-08-11 00:00:06+00:00,69911.57142857143,70546.0,69041.0,353
2024,33,2024-08-12 00:00:06+00:00,2024-08-18 00:00:06+00:00,69920.85714285714,71011.0,68985.0,354
2024,34,2024-08-19 00:00:07+00:00,2024-08-25 00:00:08+00:00,70593.71428571429,71328.0,69930.0,355
2024,35,2024-08-26 00:00:07+00:00,2024-09-01 00:00:04+00:00,70315.85714285714,71202.0,69342.0,356
2024,36,2024-09-02 00:00:07+00:00,2024-09-08 00:00:06+00:00,70187.42857142857,71275.0,68288.0,357
2024,37,2024-09-09 00:00:04+00:00,2024-09-15 00:00:07+00:00,69391.14285714286,70004.0,68890.0,358
2024,38,2024-09-16 00:00:04+00:00,2024-09-22 00:00:06+00:00,69602.85714285714,70662.0,68945.0,359
2024,39,2024-09-23 00:00:06+00:00,2024-09-29 00:00:10+00:00,69237.14285714286,70137.0,68270.0,360
2024,40,2024-09-30 00:00:05+00:00,2024-10-06 00:00:03+00:00,69600.28571428571,70060.0,68867.0,361
2024,41,2024-10-07 00:00:06+00:00,2024-10-13 00:00:08+00:00,71069.57142857143,72111.0,69749.0,362
2024,42,2024-10-14 00:00:05+00:00,2024-10-20 00:00:08+00:00,72732.42857142857,73405.0,72030.0,363
2024,43,2024-10-21 00:00:06+00:00,2024-10-27 00:00:06+00:00,71238.85714285714,72213.0,70082.0,364
2024,44,2024-10-28 00:00:05+00:00,2024-11-03 00:00:07+00:00,70867.14285714286,71838.0,70241.0,365
2024,45,2024-11-04 00:00:04+00:00,2024-11-10 00:00:07+00:00,71214.28571428571,72881.0,70479.0,366
2024,46,2024-11-11 00:00:07+00:00,2024-11-17 00:00:08+00:00,75952.28571428571,77654.0,73470.0,367
2024,47,2024-11-18 00:00:06+00:00,2024-11-24 00:00:07+00:00,91396.85714285714,102711.0,78060.0,368
2024,48,2024-11-25 00:00:11+00:00,2024-12-01 00:00:06+00:00,101171.57142857143,103834.0,98811.0,369
2024,49,2024-12-02 00:00:08+00:00,2024-12-08 00:00:07+00:00,102497.85714285714,104110.0,101628.0,370
2024,50,2024-12-09 00:00:06+00:00,2024-12-15 00:00:06+00:00,100462.0,101299.0,99191.0,371
2024,51,2024-12-16 00:00:06+00:00,2024-12-22 00:00:07+00:00,101341.14285714286,102671.0,100569.0,372
2024,52,2024-12-23 00:00:09+00:00,2024-12-29 00:00:16+00:00,101748.0,104849.0,98211.0,373
2025,1,2024-12-30 00:00:18+00:00,2025-01-05 00:00:07+00:00,96690.42857142857,99116.0,94628.0,374
2025,3,2025-01-19 21:08:04+00:00,2025-01-19 21:08:04+00:00,95004.0,95004.0,95004.0,375
2025,4,2025-01-20 00:00:07+00:00,2025-01-26 00:00:25+00:00,95536.14285714286,96212.0,94973.0,376
2025,5,2025-01-27 00:00:11+00:00,2025-02-02 00:00:07+00:00,98303.28571428571,98933.0,97589.0,377
2025,6,2025-02-03 00:00:06+00:00,2025-02-09 00:00:05+00:00,96850.28571428571,97757.0,95052.0,378
2025,7,2025-02-10 00:00:07+00:00,2025-02-16 00:00:05+00:00,94266.28571428571,95248.0,93214.0,379
2025,8,2025-02-17 00:00:07+00:00,2025-02-23 00:00:07+00:00,93353.28571428571,94368.0,92176.0,380
2025,9,2025-02-24 00:00:04+00:00,2025-03-02 00:00:09+00:00,92099.28571428571,92989.0,91690.0,381
2025,10,2025-03-03 00:00:04+00:00,2025-03-09 00:00:06+00:00,90822.42857142857,91835.0,89712.0,382
2025,11,2025-03-10 00:00:05+00:00,2025-03-16 00:00:02+00:00,90829.57142857143,91400.0,89944.0,383
2025,12,2025-03-17 00:00:07+00:00,2025-03-23 00:00:06+00:00,90361.42857142857,91218.0,89683.0,384
2025,13,2025-03-24 00:00:05+00:00,2025-03-30 00:00:05+00:00,89048.14285714286,89921.0,88349.0,385
2025,14,2025-03-31 00:00:05+00:00,2025-04-06 00:00:05+00:00,87790.57142857143,88597.0,86772.0,386
2025,15,2025-04-07 00:00:03+00:00,2025-04-13 00:00:05+00:00,86184.0,87079.0,85442.0,387
2025,16,2025-04-14 00:00:06+00:00,2025-04-20 00:00:05+00:00,85314.57142857143,86138.0,84708.0,388
2025,17,2025-04-21 00:00:04+00:00,2025-04-27 00:00:10+00:00,83938.14285714286,84371.0,83638.0,389
2025,18,2025-04-28 00:00:07+00:00,2025-05-04 00:00:11+00:00,84447.0,85886.0,83084.0,390
2025,19,2025-05-05 00:00:09+00:00,2025-05-11 00:00:07+00:00,87616.625,88800.0,86131.0,391
2025,20,2025-05-12 00:00:06+00:00,2025-05-18 00:00:04+00:00,88596.42857142857,89412.0,87663.0,392
2025,21,2025-05-19 00:00:06+00:00,2025-05-25 00:00:07+00:00,89689.57142857143,90538.0,88256.0,393
2025,22,2025-05-26 00:00:05+00:00,2025-06-01 00:00:05+00:00,88214.0,88805.0,87545.0,394
2025,23,2025-06-02 00:00:05+00:00,2025-06-08 00:00:06+00:00,88137.14285714286,89231.0,87083.0,395
2025,24,2025-06-09 00:00:05+00:00,2025-06-15 00:00:07+00:00,88779.85714285714,89327.0,88111.0,396
2025,25,2025-06-16 00:00:05+00:00,2025-06-22 00:00:07+00:00,87974.28571428571,88736.0,87537.0,397
2025,26,2025-06-23 00:00:06+00:00,2025-06-29 00:00:08+00:00,88152.28571428571,88568.0,87714.0,398
2025,27,2025-06-30 00:00:05+00:00,2025-07-06 00:00:12+00:00,86826.14285714286,87562.0,85357.0,399
2025,28,2025-07-07 00:00:05+00:00,2025-07-13 00:00:04+00:00,85828.28571428571,87511.0,84962.0,400
2025,29,2025-07-14 00:00:07+00:00,2025-07-20 00:00:08+00:00,87337.42857142857,88150.0,86760.0,401
2025,30,2025-07-21 00:00:06+00:00,2025-07-27 00:00:09+00:00,87501.28571428571,88099.0,86816.0,402
2025,31,2025-07-28 00:00:05+00:00,2025-08-03 00:00:06+00:00,86253.28571428571,86954.0,85436.0,403
2025,32,2025-08-04 00:00:02+00:00,2025-08-10 00:00:07+00:00,86480.57142857143,87286.0,85710.0,404
2025,33,2025-08-11 00:00:05+00:00,2025-08-17 00:00:04+00:00,88029.0,89296.0,86791.0,405
2025,34,2025-08-18 00:00:06+00:00,2025-08-24 00:00:06+00:00,87110.85714285714,88204.0,86580.0,406
2025,35,2025-08-25 00:00:03+00:00,2025-08-31 00:00:07+00:00,86857.71428571429,87219.0,86438.0,407
2025,36,2025-09-01 00:00:04+00:00,2025-09-07 00:00:11+00:00,86347.42857142857,87047.0,85982.0,408
2025,37,2025-09-08 00:00:06+00:00,2025-09-14 00:00:06+00:00,88133.42857142857,90179.0,86306.0,409
2025,38,2025-09-15 00:00:05+00:00,2025-09-21 00:00:05+00:00,91897.0,92841.0,91034.0,410
2025,39,2025-09-22 00:00:03+00:00,2025-09-28 00:00:04+00:00,90984.71428571429,92072.0,89717.0,411
2025,40,2025-09-29 00:00:05+00:00,2025-10-05 00:00:05+00:00,90534.0,91175.0,89921.0,412
2025,41,2025-10-06 00:00:06+00:00,2025-10-12 00:00:08+00:00,99441.57142857143,100313.0,98184.0,413
2025,42,2025-10-13 00:00:08+00:00,2025-10-19 00:00:06+00:00,109584.14285714286,113912.0,101879.0,414
2025,43,2025-10-20 00:00:03+00:00,2025-10-26 00:00:06+00:00,110397.28571428571,112318.0,108862.0,415
2025,44,2025-10-27 00:00:05+00:00,2025-11-02 00:00:03+00:00,101913.85714285714,105384.0,99431.0,416
2025,45,2025-11-03 00:00:05+00:00,2025-11-09 00:00:05+00:00,96469.42857142857,97984.0,93883.0,417
2025,46,2025-11-10 00:00:04+00:00,2025-11-16 00:00:05+00:00,94609.28571428571,96023.0,93307.0,418
2025,47,2025-11-17 00:00:05+00:00,2025-11-23 00:00:04+00:00,93792.57142857143,94923.0,93059.0,419
2025,48,2025-11-24 00:00:04+00:00,2025-11-30 00:00:04+00:00,98609.42857142857,108917.0,93530.0,420
2025,49,2025-12-01 00:00:03+00:00,2025-12-07 00:00:05+00:00,93323.42857142857,95103.0,92650.0,421
2025,50,2025-12-08 00:00:02+00:00,2025-12-14 00:00:06+00:00,91018.71428571429,92848.0,89898.0,422
2025,51,2025-12-15 00:00:03+00:00,2025-12-21 00:00:06+00:00,89903.71428571429,90234.0,89389.0,423
2025,52,2025-12-22 00:00:04+00:00,2025-12-28 00:00:06+00:00,89511.14285714286,90387.0,88272.0,424
2026,1,2025-12-29 00:00:04+00:00,2026-01-04 00:00:05+00:00,87292.0,88163.0,86037.0,425
2026,2,2026-01-05 00:00:05+00:00,2026-01-11 00:00:04+00:00,85370.14285714286,85821.0,84733.0,426
2026,3,2026-01-12 00:00:04+00:00,2026-01-18 00:00:04+00:00,85305.42857142857,86162.0,83868.0,427
2026,4,2026-01-19 00:00:03+00:00,2026-01-25 00:00:06+00:00,86181.85714285714,87801.0,84866.0,428
2026,5,2026-01-26 00:00:10+00:00,2026-02-01 00:00:06+00:00,86820.71428571429,87782.0,85958.0,429
2026,6,2026-02-02 00:00:03+00:00,2026-02-08 00:00:04+00:00,87353.57142857143,87862.0,86370.0,430
2026,7,2026-02-09 00:00:04+00:00,2026-02-15 00:00:04+00:00,87681.0,87951.0,87399.0,431
2026,8,2026-02-16 00:00:06+00:00,2026-02-22 00:00:07+00:00,88728.85714285714,90169.0,87773.0,432
2026,9,2026-02-23 00:00:04+00:00,2026-03-01 00:00:08+00:00,90384.42857142857,92317.0,88880.0,433
2026,10,2026-03-02 00:00:04+00:00,2026-03-08 00:00:08+00:00,93919.0,96705.0,91883.0,434
2026,11,2026-03-09 00:00:04+00:00,2026-03-15 00:00:09+00:00,99484.85714285714,101727.0,97260.0,435
2026,12,2026-03-16 00:00:06+00:00,2026-03-22 00:00:05+00:00,100707.85714285714,104857.0,98423.0,436
2026,13,2026-03-23 00:00:07+00:00,2026-03-29 00:00:07+00:00,97262.85714285714,98739.0,95914.0,437
2026,14,2026-03-30 00:00:05+00:00,2026-04-05 00:00:02+00:00,97950.28571428571,99116.0,96075.0,438
2026,15,2026-04-06 00:00:11+00:00,2026-04-12 00:00:08+00:00,96444.14285714286,98331.0,95108.0,439
2026,16,2026-04-13 00:00:07+00:00,2026-04-19 00:00:06+00:00,97795.28571428571,99983.0,95863.0,440
2026,17,2026-04-20 00:00:06+00:00,2026-04-26 00:00:06+00:00,105601.42857142857,110467.0,101965.0,441
2026,18,2026-04-27 00:00:05+00:00,2026-05-03 00:00:03+00:00,93524.5,117127.0,85488.0,442
2026,19,2026-05-04 00:00:04+00:00,2026-05-10 00:00:05+00:00,88984.71428571429,90496.0,88015.0,443
2026,20,2026-05-11 00:00:05+00:00,2026-05-17 00:00:11+00:00,91216.42857142857,91996.0,89950.0,444
2026,21,2026-05-18 00:00:06+00:00,2026-05-24 00:00:09+00:00,92136.28571428571,92685.0,91552.0,445
2026,22,2026-05-25 00:00:06+00:00,2026-05-31 00:00:04+00:00,92173.14285714286,93889.0,91054.0,446
2026,23,2026-06-01 00:00:07+00:00,2026-06-07 00:00:05+00:00,91810.0,92719.0,91158.0,447
2026,24,2026-06-08 00:00:06+00:00,2026-06-14 00:00:07+00:00,90548.66666666667,90918.0,90174.0,448
2026,25,2026-06-15 00:00:06+00:00,2026-06-21 00:00:04+00:00,90879.28571428571,92009.0,90109.0,449
2026,26,2026-06-22 00:00:02+00:00,2026-06-28 00:00:06+00:00,91651.14285714286,92909.0,90009.0,450
2026,27,2026-06-29 00:00:07+00:00,2026-07-01 00:00:03+00:00,92885.66666666667,93377.0,92289.0,451
