software,main_version,sub_version,listening,est_unreachable,total_count,percent
BIP110,v29,v29.3.0,12,627,639,0.5307220810285543
BIP110,v29,v29.2.0,9,203,212,0.17607680935532632
BIP110,v29,v29.4.0,0,12,12,0.00996661185030149
BIP110,v29,v29.4.1,0,3,3,0.0024916529625753723
BIP110,unknown,unknown,0,1,1,0.0008305509875251242
Bitcoin Core,v27,v27.0.0,674,20416,21090,17.516320326904868
Bitcoin Core,v31,v31.1.0,1129,13642,14771,12.26806863673361
Bitcoin Core,v31,v31.0.0,646,13825,14471,12.01890334047607
Bitcoin Core,v28,v28.1.0,456,7466,7922,6.579624923174034
Bitcoin Core,v29,v29.2.0,83,5295,5378,4.466703210910118
Bitcoin Core,v30,v30.0.0,152,4325,4477,3.718376771149981
Bitcoin Core,v30,v30.2.0,233,4034,4267,3.543961063769705
Bitcoin Core,v29,v29.0.0,146,3674,3820,3.1727047723459743
Bitcoin Core,v28,v28.0.0,83,3588,3671,3.048952675204731
Bitcoin Core,v29,v29.3.0,43,2748,2791,2.318067806182621
Bitcoin Core,v27,v27.1.0,72,2454,2526,2.0979717944884637
Bitcoin Core,v26,v26.0.0,42,2240,2282,1.8953173535323335
Bitcoin Core,v25,v25.0.0,50,1728,1778,1.4767196558196707
Bitcoin Core,v29,v29.1.0,60,1718,1778,1.4767196558196707
Bitcoin Core,v26,v26.2.0,11,1703,1714,1.4235643926180628
Bitcoin Core,v27,v27.2.0,13,1510,1523,1.2649291540007641
Bitcoin Core,v22,v22.0.0,60,1427,1487,1.2350293184498597
Bitcoin Core,v25,v25.1.0,264,744,1008,0.8371953954253251
Bitcoin Core,v26,v26.1.0,3,739,742,0.6162688327436421
Bitcoin Core,v24,v24.0.1,35,623,658,0.5465025497915317
Bitcoin Core,v0.21,v0.21.1,17,521,538,0.4468364312885168
Bitcoin Core,v29,v29.4.0,53,478,531,0.4410225743758409
Bitcoin Core,v23,v23.0.0,16,368,384,0.31893157920964765
Bitcoin Core,v31,v31.99.0,24,162,186,0.15448248367967307
Bitcoin Core,v28,v28.4.0,11,151,162,0.1345492599790701
Bitcoin Core,v0.20,v0.20.1,5,98,103,0.08554675171508778
Bitcoin Core,v0.0,v0.0.156,0,100,100,0.08305509875251242
Bitcoin Core,v30,v30.3.0,16,78,94,0.07807179282736167
Bitcoin Core,v0.21,v0.21.0,2,90,92,0.07641069085231142
Bitcoin Core,v0.1,v0.1.17,0,73,73,0.06063022208933406
Bitcoin Core,v0.20,v0.20.0,1,70,71,0.05896912011428381
Bitcoin Core,v0.7,v0.7.2,0,67,67,0.05564691616418331
Bitcoin Core,v0.18,v0.18.0,3,61,64,0.05315526320160795
Bitcoin Core,v28,v28.2.0,5,54,59,0.04900250826398232
Bitcoin Core,v0.15,v0.15.0,0,54,54,0.044849753326356705
Bitcoin Core,v28,v28.3.0,5,42,47,0.03903589641368083
Bitcoin Core,v0.14,v0.14.2,1,37,38,0.03156093752595472
Bitcoin Core,v0.12,v0.12.1,3,34,37,0.030730386538429594
Bitcoin Core,v0.17,v0.17.1,2,35,37,0.030730386538429594
Bitcoin Core,v27,v27.99.0,13,24,37,0.030730386538429594
Bitcoin Core,v0.15,v0.15.1,1,34,35,0.029069284563379347
Bitcoin Core,v0.17,v0.17.0,4,31,35,0.029069284563379347
Bitcoin Core,v0.16,v0.16.1,0,33,33,0.027408182588329097
Bitcoin Core,v22,v22.1.0,1,32,33,0.027408182588329097
Bitcoin Core,v24,v24.1.0,2,31,33,0.027408182588329097
Bitcoin Core,v0.19,v0.19.0,1,30,31,0.02574708061327885
Bitcoin Core,v0.19,v0.19.1,0,29,29,0.0240859786382286
Bitcoin Core,v25,v25.2.0,2,27,29,0.0240859786382286
Bitcoin Core,v28,v28.99.0,4,24,28,0.023255427650703476
Bitcoin Core,v30,v30.1.0,5,23,28,0.023255427650703476
Bitcoin Core,v0.18,v0.18.1,4,22,26,0.02159432567565323
Bitcoin Core,v30,v30.99.0,3,23,26,0.02159432567565323
Bitcoin Core,v24,v24.0.0,2,22,24,0.01993322370060298
Bitcoin Core,v0.13,v0.13.2,1,22,23,0.019102672713077855
Bitcoin Core,v0.16,v0.16.2,1,17,18,0.014949917775452235
Bitcoin Core,v24,v24.2.0,1,17,18,0.014949917775452235
Bitcoin Core,v25,v25.99.0,6,12,18,0.014949917775452235
Bitcoin Core,v0.16,v0.16.3,0,16,16,0.013288815800401987
Bitcoin Core,v0.16,v0.16.0,0,15,15,0.012458264812876863
Bitcoin Core,v0.11,v0.11.2,1,13,14,0.011627713825351738
Bitcoin Core,v0.12,v0.12.0,0,14,14,0.011627713825351738
Bitcoin Core,v0.21,v0.21.2,3,11,14,0.011627713825351738
Bitcoin Core,v0.8,v0.8.6,0,14,14,0.011627713825351738
Bitcoin Core,v29,v29.99.0,1,13,14,0.011627713825351738
Bitcoin Core,v0.13,v0.13.0,1,12,13,0.010797162837826614
Bitcoin Core,v0.16,v0.16.99,0,12,12,0.00996661185030149
Bitcoin Core,v24,v24.99.0,2,10,12,0.00996661185030149
Bitcoin Core,v26,v26.99.0,1,11,12,0.00996661185030149
Bitcoin Core,v0.14,v0.14.0,0,11,11,0.009136060862776366
Bitcoin Core,v0.15,v0.15.99,1,10,11,0.009136060862776366
Bitcoin Core,v0.11,v0.11.0,0,10,10,0.008305509875251242
Bitcoin Core,v0.14,v0.14.1,0,10,10,0.008305509875251242
Bitcoin Core,v0.8,v0.8.5,2,8,10,0.008305509875251242
Bitcoin Core,v0.9,v0.9.1,0,10,10,0.008305509875251242
Bitcoin Core,v0.9,v0.9.2,0,10,10,0.008305509875251242
Bitcoin Core,v23,v23.1.0,3,7,10,0.008305509875251242
Bitcoin Core,v0.13,v0.13.1,1,8,9,0.007474958887726118
Bitcoin Core,v0.9,v0.9.3,0,9,9,0.007474958887726118
Bitcoin Core,v23,v23.99.0,1,8,9,0.007474958887726118
Bitcoin Core,v0.10,v0.10.2,0,8,8,0.006644407900200993
Bitcoin Core,v0.8,v0.8.3,0,8,8,0.006644407900200993
Bitcoin Core,v0.10,v0.10.0,0,7,7,0.005813856912675869
Bitcoin Core,v0.11,v0.11.1,0,7,7,0.005813856912675869
Bitcoin Core,v0.7,v0.7.0,0,7,7,0.005813856912675869
Bitcoin Core,v22,v22.99.0,0,7,7,0.005813856912675869
Bitcoin Core,v0.8,v0.8.0,0,6,6,0.004983305925150745
Bitcoin Core,v1,v1.0.5,0,6,6,0.004983305925150745
Bitcoin Core,v0.10,v0.10.1,0,5,5,0.004152754937625621
Bitcoin Core,v0.14,v0.14.99,0,5,5,0.004152754937625621
Bitcoin Core,v0.15,v0.15.2,0,5,5,0.004152754937625621
Bitcoin Core,v0.20,v0.20.2,1,4,5,0.004152754937625621
Bitcoin Core,v0.8,v0.8.1,0,5,5,0.004152754937625621
Bitcoin Core,v21,v21.99.0,0,5,5,0.004152754937625621
Bitcoin Core,v0.17,v0.17.2,2,1,3,0.0024916529625753723
Bitcoin Core,v23,v23.2.0,0,3,3,0.0024916529625753723
Bitcoin Core,v29,v29.4,1,2,3,0.0024916529625753723
Bitcoin Core,v0.14,v0.14.3,0,2,2,0.0016611019750502483
Bitcoin Core,v0.9,v0.9.5,0,2,2,0.0016611019750502483
Bitcoin Core,v1,v1.0.0,2,0,2,0.0016611019750502483
Bitcoin Core,v0.0,v0.0.126,0,1,1,0.0008305509875251242
Bitcoin Core,v0.0,v0.0.195,0,1,1,0.0008305509875251242
Bitcoin Core,v0.1,v0.1.0,0,1,1,0.0008305509875251242
Bitcoin Core,v0.19,v0.19.99,0,1,1,0.0008305509875251242
Bitcoin Core,v0.20,v0.20.99,0,1,1,0.0008305509875251242
Bitcoin Core,v0.27,v0.27.0,0,1,1,0.0008305509875251242
Bitcoin Core,v0.8,v0.8.2,0,1,1,0.0008305509875251242
Bitcoin Core,v0.9,v0.9.0,0,1,1,0.0008305509875251242
Bitcoin Core,v2,v2.2.0,0,1,1,0.0008305509875251242
Bitcoin Core,v28,v28.1,0,1,1,0.0008305509875251242
Bitcoin Knots,v29,v29.3.0,357,8938,9295,7.71997142904603
Bitcoin Knots,v29,v29.4.0,93,3052,3145,2.6120828557665154
Bitcoin Knots,v29,v29.4.1,120,1617,1737,1.4426670653311406
Bitcoin Knots,v29,v29.2.0,75,1547,1622,1.3471537017657516
Bitcoin Knots,v28,v28.1.0,43,943,986,0.8189232736997725
Bitcoin Knots,v29,v29.1.0,24,517,541,0.44932808425109216
Bitcoin Knots,v27,v27.1.0,1,10,11,0.009136060862776366
Bitcoin Knots,v0.14,v0.14.2,0,7,7,0.005813856912675869
Bitcoin Knots,v0.15,v0.15.1,0,7,7,0.005813856912675869
Bitcoin Knots,v0.15,v0.15.0,0,6,6,0.004983305925150745
Bitcoin Knots,v0.14,v0.14.1,0,5,5,0.004152754937625621
Bitcoin Knots,v23,v23.0.0,0,2,2,0.0016611019750502483
Bitcoin Knots,v22,v22.0.0,0,1,1,0.0008305509875251242
Bitcoin Knots,v25,v25.1.0,0,1,1,0.0008305509875251242
Bitcoin Knots,v31,v31.0.0,1,0,1,0.0008305509875251242
other,unknown,unknown,84,315,399,0.3313898440225246
other,v25,v25,0,2,2,0.0016611019750502483
other,v30,v30,1,1,2,0.0016611019750502483
