Date,Rank,Primary Key,Name,Symbol,Market Cap,Price,Circulating Supply,Snapshot Type,Is Stable
2026-09-01,1,BTCBitcoin,Bitcoin,BTC,1580989232746.0,78723.0,20078031.0,live,False
2026-09-01,2,ETHEthereum,Ethereum,ETH,298284997417.0,2471.21,120681092.8627613,live,False
2026-09-01,4,BNBBNB,BNB,BNB,91894120866.0,690.08,133162356.47,live,False
2026-09-01,5,XRPXRP,XRP,XRP,86839086829.0,1.38,62744504852.0,live,False
2026-09-01,7,SOLSolana,Solana,SOL,60532695162.0,103.37,585207066.4400405,live,False
2026-09-01,8,TRXTRON,TRON,TRX,31475292512.0,0.331617,94928981414.2304,live,False
2026-09-01,10,HYPEHyperliquid,Hyperliquid,HYPE,18703201326.0,84.05,222445714.07414135,live,False
2026-09-01,11,ZECZcash,Zcash,ZEC,14542272845.0,859.26,16906800.1655448,live,False
2026-09-01,12,DOGEDogecoin,Dogecoin,DOGE,12988640517.0,0.083395,155729976383.70523,live,False
2026-09-01,15,XMRMonero,Monero,XMR,9809785301.0,521.79,18798794.42418942,live,False
