address,Year,grader,grade,grader link,auction date,auction sale amount,auction link
124z8Liq7nFjdcf3ZnjwtCAXzhRF7poRSJ,2013,PCGS,MS64,https://www.pcgs.com/cert/44913063,"Apr 5, 2022","$31,200.00",https://auctions.stacksbowers.com/lots/view/3-VJGGC/2013-casascius-05-bitcoin-btc-brass-loaded-unredeemed-firstbits-124z8liq-series-2-254-mm-ms64-pcgs
1Att3xxPcp1LxosHrAN1ciQuQHwBN24bMm,2011,PCGS,MS66,https://www.pcgs.com/cert/44146109,"Apr 5, 2022","$78,000.00",https://auctions.stacksbowers.com/lots/view/3-VJGGN/2011-casascius-1-bitcoin-btc-brass-loaded-unredeemed-firstbits-1att3xxp-series-1-casacius-error-285-mm-ms-66-pcgs
13CEMJaTGuw4Nazq2iBSurmMgTrPc21aM9,2011,PCGS,MS63,https://www.pcgs.com/cert/44146215,"Apr 5, 2022","$69,000.00",https://auctions.stacksbowers.com/lots/view/3-VJGHB/2011-casascius-1-bitcoin-btc-brass-loaded-unredeemed-firstbits-13cemjat-series-1-casacius-error-285-mm-ms-63-pcgs
2011 1 BTC Mule,2011,PCGS,MS66,https://www.pcgs.com/cert/44133227,"Apr 5, 2022","$3,960.00",https://auctions.stacksbowers.com/lots/view/3-VJGHT/2011-casascius-1-bitcoin-btc-brass-unfunded-unloaded-series-1-and-series-2-type-285-mm-ms-66-pcgs
13EjAeG9xM79AtsfyG1ArXEwTMcvvscSDh,2013,PCGS,MS66,https://www.pcgs.com/cert/44913062,"Apr 5, 2022","$66,000.00",https://auctions.stacksbowers.com/lots/view/3-VJGJ2/2013-casascius-1-bitcoin-btc-brass-loaded-unredeemed-firstbits-13ejaeg9-series-2-285-mm-ms-66-pcgs
124mH2v9GokvUBpdCCRULVrATL5NVwg3ZR,2013,PCGS,MS66,https://www.pcgs.com/cert/45035594,"Jun 17, 2022","$28,800.00",https://auctions.stacksbowers.com/lots/view/3-WWDX8/2013-casascius-05-bitcoin-btc-loaded-firstbits-124mh2v9-series-2-brass-254-mm-ms-66-pcgs
1B2Q7CycxDr1Scnog6CJAPXVFxZX7szwc5,2011,PCGS,MS67,https://www.pcgs.com/cert/44614956,"Jun 17, 2022","$50,400.00",https://auctions.stacksbowers.com/lots/view/3-WWDXU/2011-casascius-1-bitcoin-btc-loaded-firstbits-1b2q7cyc-series-1-casacius-error-brass-285-mm-ms-67-pcgs
1BFbetd6bHeMkPE2gaGUjTroJ2uYiStz9D,2011,PCGS,MS67,https://www.pcgs.com/cert/44614948,"Jun 17, 2022","$52,800.00",https://auctions.stacksbowers.com/lots/view/3-WWDY5/2011-casascius-1-bitcoin-btc-loaded-firstbits-1bfbetd6-series-1-casacius-error-brass-285-mm-ms-67-pcgs
16nHSDxKHidZHhpUQELFVGHkooZcJjkyaK,2011,PCGS,MS66,https://www.pcgs.com/cert/44614954,"Jun 17, 2022","$44,400.00",https://auctions.stacksbowers.com/lots/view/3-WWDYG/2011-casascius-1-bitcoin-btc-loaded-firstbits-16nhsdxk-series-1-casacius-error-brass-285-mm-ms-66-pcgs
13iKRGjjMDsV4cYFowj6gNQYbornvAJWuN,2011,PCGS,MS65,https://www.pcgs.com/cert/44614942,"Jun 17, 2022","$40,800.00",https://auctions.stacksbowers.com/lots/view/3-WWDYR/2011-casascius-1-bitcoin-btc-loaded-firstbits-13ikrgjj-series-1-casacius-error-brass-285-mm-ms-65-pcgs
155gAYPXwhz8MqBwQncwbc87xnTY6vKBNS,2011,PCGS,MS65,https://www.pcgs.com/cert/44614955,"Jun 17, 2022","$38,400.00",https://auctions.stacksbowers.com/lots/view/3-WWDZ2/2011-casascius-1-bitcoin-btc-loaded-firstbits-155gaypx-series-1-casacius-error-brass-285-mm-ms-65-pcgs
13FvPEepn44282W7TEwfbmHScQsxKR8p3K,2011,PCGS,MS64,https://www.pcgs.com/cert/44614949,"Jun 17, 2022","$38,400.00",https://auctions.stacksbowers.com/lots/view/3-WWDZD/2011-casascius-1-bitcoin-btc-loaded-firstbits-13fvpeep-series-1-casacius-error-brass-285-mm-ms-64-pcgs
176cKZboJo84Rod5jgarRcidUt6qrU9mjD,2011,PCGS,MS63,https://www.pcgs.com/cert/44614947,"Jun 17, 2022","$36,000.00",https://auctions.stacksbowers.com/lots/view/3-WWDZO/2011-casascius-1-bitcoin-btc-loaded-firstbits-176ckzbo-series-1-casacius-error-brass-285-mm-ms-63-pcgs
18RTn6hnf1nkghDULqfDmnBgbnebEsvWhe,2011,PCGS,MS63,https://www.pcgs.com/cert/44614953,"Jun 17, 2022","$36,000.00",https://auctions.stacksbowers.com/lots/view/3-WWDZZ/2011-casascius-1-bitcoin-btc-loaded-firstbits-18rtn6hn-series-1-casacius-error-brass-285-mm-ms-63-pcgs
1CsdmwE5cRcDvutrnifuEbqJe9UDqPijcN,2012,PCGS,MS66,https://www.pcgs.com/cert/45035597,"Jun 17, 2022","$43,200.00",https://auctions.stacksbowers.com/lots/view/3-WWE0A/2012-casascius-1-bitcoin-btc-loaded-firstbits-1csdmwe5-series-2-brass-285-mm-ms-66-pcgs
13ENRUBtiN8Cude5CjFhtKqqEoGG59AvsK,2013,PCGS,MS68,https://www.pcgs.com/cert/45035595,"Jun 17, 2022","$69,000.00",https://auctions.stacksbowers.com/lots/view/3-WWE0L/2013-casascius-1-bitcoin-btc-loaded-firstbits-13enrubt-series-2-brass-285-mm-ms-68-pcgs
129cx7sw2uwGYVkYDTUz8inSG6DdipuL8A,2013,PCGS,MS67,https://www.pcgs.com/cert/45345109,"Aug 23, 2022","$22,800.00",https://auctions.stacksbowers.com/lots/view/3-XS9DA/2013-casascius-05-bitcoin-btc-loaded-firstbits-129cx7sw-series-2-brass-254-mm-ms-67-pcgs
18iok44xjfycMXcwWRcKdonRomV1Q67QJN,2011,PCGS,MS67,https://www.pcgs.com/cert/44614939,"Aug 23, 2022","$33,600.00",https://auctions.stacksbowers.com/lots/view/3-XS9DM/2011-casascius-1-bitcoin-btc-loaded-firstbits-18iok44x-series-1-casacius-error-brass-285-mm-ms-67-pcgs
1BA8Ct1P7rWp34HZw47JjMq8U3wn8XfVvd,2011,PCGS,MS67,https://www.pcgs.com/cert/44614945,"Aug 23, 2022","$31,200.00",https://auctions.stacksbowers.com/lots/view/3-XS9DZ/2011-casascius-1-bitcoin-btc-loaded-firstbits-1ba8ct1p-series-1-casacius-error-brass-285-mm-ms-67-pcgs
19HBVU9KLnCvVE82UFk7Ek4S4eSLFDb6zy,2011,PCGS,MS66,https://www.pcgs.com/cert/44614941,"Aug 23, 2022","$31,200.00",https://auctions.stacksbowers.com/lots/view/3-XS9ED/2011-casascius-1-bitcoin-btc-loaded-firstbits-19hbvu9k-series-1-casacius-error-brass-285-mm-ms-66-pcgs
1PHaKVcSnPKYUvHeYSB3WfRHb6neYbASpi,2011,PCGS,MS65,https://www.pcgs.com/cert/44614952,"Aug 23, 2022","$27,600.00",https://auctions.stacksbowers.com/lots/view/3-XS9F7/2011-casascius-1-bitcoin-btc-loaded-firstbits-1phakvcs-series-1-casacius-error-brass-285-mm-ms-65-pcgs
14i3bSEgX5ZqFaTKPCwjkwwn8TkuTuzpPN,2011,PCGS,MS63,https://www.pcgs.com/cert/45430789,"Aug 23, 2022","$26,400.00",https://auctions.stacksbowers.com/lots/view/3-XS9FL/2011-casascius-1-bitcoin-btc-loaded-firstbits-14i3bseg-series-1-casacius-error-brass-285-mm-ms-63-pcgs
18DaMtK8BZAhvmkQznWCMXm6GNK2jszdyx,2011,PCGS,MS66,https://www.pcgs.com/cert/45024956,"Aug 23, 2022","$72,000.00",https://auctions.stacksbowers.com/lots/view/3-XS9GA/2011-casascius-1-bitcoin-btc-loaded-firstbits-18damtk8-series-1-double-error-variety-brass-285-mm-ms-66-pcgs
1CStbiw5dXDySsEGMSkSvMHY42UdNELFby,2012,PCGS,MS64,https://www.pcgs.com/cert/45236819,"Aug 23, 2022","$26,400.00",https://auctions.stacksbowers.com/lots/view/3-XS9GO/2012-casascius-1-bitcoin-btc-loaded-firstbits-1cstbiw5-series-2-brass-285-mm-ms-64-pcgs
13HWW1rGZy6R1DhPBEzu8KpcjjfiQcAgCV,2013,PCGS,MS67,https://www.pcgs.com/cert/45345110,"Aug 23, 2022","$28,800.00",https://auctions.stacksbowers.com/lots/view/3-XS9H8/2013-casascius-1-bitcoin-btc-loaded-firstbits-13hww1rg-series-2-brass-285-mm-ms-67-pcgs
1AgyZ2xCpTvxUDBkKZkaxEEYujxwMNhDZH,2013,PCGS,PR69DCAM,https://www.pcgs.com/cert/45345111,"Aug 23, 2022","$48,000.00",https://auctions.stacksbowers.com/lots/view/3-XS9HU/2013-casascius-1-bitcoin-btc-loaded-firstbits-1agyz2xc-series-3-silver-39-mm-sp-69-pcgs
1GKFrx2UX96HVxyt27LzUU18UQEPJd7YYC,2012,PCGS,MS65,https://www.pcgs.com/cert/45024955,"Aug 23, 2022","$132,000.00",https://auctions.stacksbowers.com/lots/view/3-XS9I5/2012-casascius-bitnickel-5-bitcoin-loaded-firstbits-1gkfrx2u-series-1-nickel-plated-brass-285-mm-ms-65-pcgs
1GLVhQYXvBbbdgkySXKpifA74PrnhGejcb,2011,PCGS,AU58,https://www.pcgs.com/cert/45414937,"Aug 23, 2022","$9,600.00",https://auctions.stacksbowers.com/lots/view/3-XS9JB/redeemed-2011-casascius-25-bitcoin-btc-firstbits-1glvhqyx-series-2-gold-plated-alloy-445-mm-au-58-pcgs
1Agxg8K4VbGjwkJuvdt96WY5zcjJZjMKZm,2013,ICG,MS68,,"Nov 9, 2022","$9,600.00",https://auctions.stacksbowers.com/lots/view/3-Z8XRZ/2013-casascius-01-bitcoin-btc-loaded-firstbits-1agxg8k4-series-3-silver-25-mm-ms-68-pl-icg
1AgwQXAwLsLDPrEtJW6ShgWeB6N6c6mav5,2013,PCGS,PR67DCAM,https://www.pcgs.com/cert/45927839,"Nov 9, 2022","$9,600.00",https://auctions.stacksbowers.com/lots/view/3-Z8XSC/2013-casascius-01-bitcoin-btc-loaded-firstbits-1agwqxaw-series-3-silver-25-mm-proof-67-deep-cameo-pcgs
1AgcwsBj7Cdq7hSmVnrikW7wFfMA7vFWkz,2013,PCGS,PR67DCAM,https://www.pcgs.com/cert/45923340,"Nov 9, 2022","$15,600.00",https://auctions.stacksbowers.com/lots/view/3-Z8XSM/2013-casascius-05-bitcoin-btc-loaded-firstbits-1agcwsbj-series-3-silver-30-mm-proof-67-deep-cameo-pcgs
157dpvaU6SFLfdVrcQr1K91QiVWCoMs2it,2011,PCGS,MS67,https://www.pcgs.com/cert/44614946,"Nov 9, 2022","$38,400.00",https://auctions.stacksbowers.com/lots/view/3-Z8XSX/2011-casascius-1-bitcoin-btc-loaded-firstbits-157dpvau-series-1-casacius-error-brass-285-mm-ms-67-pcgs
1896nPkpTDFRVS5qa9uUGLoC4CJySv967b,2011,PCGS,MS66,https://www.pcgs.com/cert/44614951,"Nov 9, 2022","$31,200.00",https://auctions.stacksbowers.com/lots/view/3-Z8XTG/2011-casascius-1-bitcoin-btc-loaded-firstbits-1896npkp-series-1-casacius-error-brass-285-mm-ms-66-pcgs
13tC89uLuKVadydqhJfMBFGzhp75XUQgux,2011,PCGS,MS66,https://www.pcgs.com/cert/44614944,"Nov 9, 2022","$31,200.00",https://auctions.stacksbowers.com/lots/view/3-Z8XTQ/2011-casascius-1-bitcoin-btc-loaded-firstbits-13tc89ul-series-1-casacius-error-brass-285-mm-ms-66-pcgs
18iGiQi5iUbS7mPV6DFecNgmCR51w8GtM9,2011,PCGS,MS66,https://www.pcgs.com/cert/44614940,"Nov 9, 2022","$31,200.00",https://auctions.stacksbowers.com/lots/view/3-Z8XU1/2011-casascius-1-bitcoin-btc-loaded-firstbits-18igiqi5-series-1-casacius-error-brass-285-mm-ms-66-pcgs
1BFsw3puHN7wjEAdze6YpxqZGr2tm1VadW,2011,PCGS,MS66,https://www.pcgs.com/cert/44614950,"Nov 9, 2022","$34,800.00",https://auctions.stacksbowers.com/lots/view/3-Z8XUC/2011-casascius-1-bitcoin-btc-loaded-firstbits-1bfsw3pu-series-1-casacius-error-brass-285-mm-ms-66-pcgs
1CSABZSETwXBJRCNBx1Z77ChhfkP4G7NRJ,2012,PCGS,MS68,https://www.pcgs.com/cert/45679978,"Nov 9, 2022","$38,400.00",https://auctions.stacksbowers.com/lots/view/3-Z8XUN/2012-casascius-1-bitcoin-btc-loaded-firstbits-1csabzse-series-2-brass-285-mm-ms-68-pcgs
137gfkHt7ACK4wZzq2DFvRzjH7tdzUHaAd,2013,PCGS,MS64,https://www.pcgs.com/cert/45659517,"Nov 9, 2022","$33,600.00",https://auctions.stacksbowers.com/lots/view/3-Z8XV5/2013-casascius-1-bitcoin-btc-loaded-firstbits-137gfkht-series-2-brass-285-mm-ms-64-pcgs
1Ag6VaFzZSeJ5F96ojc2PfZPb1o1z36EUj,2013,PCGS,PR69DCAM,https://www.pcgs.com/cert/45679979,"Nov 9, 2022","$66,000.00",https://auctions.stacksbowers.com/lots/view/3-Z8XVF/2013-casascius-gold-rim-1-bitcoin-btc-loaded-firstbits-1ag6vafz-series-3-silver-39-mm-proof-69-deep-cameo-pcgs
124LT1JJbBndGiJ8yaAzwc8HBbNMDgkrEX,2013,PCGS,MS65,https://www.pcgs.com/cert/45421144,"Nov 9, 2022",$630.00,https://auctions.stacksbowers.com/lots/view/3-Z8YHD/redeemed-2013-casascius-05-bitcoin-btc-firstbits-124lt1jj-series-2-brass-254-mm-ms-65-pcgs
124u8JJWSUBMDKp2xM6Und6FT2ksCPwiMu,2013,PCGS,MS62,https://www.pcgs.com/cert/45421145,"Nov 9, 2022",$504.00,https://auctions.stacksbowers.com/lots/view/3-Z8YHS/redeemed-2013-casascius-05-bitcoin-btc-firstbits-124u8jjw-series-2-brass-254-mm-ms-62-pcgs
1CSbrBfx5vB1Np29MsHt6ZuL5G42apUmtn,2012,PCGS,MS64,https://www.pcgs.com/cert/45824457,"Nov 9, 2022",$528.00,https://auctions.stacksbowers.com/lots/view/3-Z8YII/redeemed-2012-casascius-1-bitcoin-btc-firstbits-1csbrbfx-series-2-285-mm-ms-64-pcgs
1Csxn1TueS8tZo5A3bdapSMeBaAhXcYViA,2012,PCGS,MS63,https://www.pcgs.com/cert/45824456,"Nov 9, 2022",$456.00,https://auctions.stacksbowers.com/lots/view/3-Z8YJT/redeemed-2012-casascius-1-bitcoin-btc-firstbits-1csxn1tu-series-2-285-mm-ms-63-pcgs
13E3a3eDHjpiScg3ygTzE9RMkNC1fo4SQz,2013,PCGS,MS65,https://www.pcgs.com/cert/45421136,"Nov 9, 2022",$504.00,https://auctions.stacksbowers.com/lots/view/3-Z8YKN/redeemed-2013-casascius-1-bitcoin-btc-firstbits-13e3a3ed-series-2-brass-254-mm-ms-65-pcgs
1AgyACisctF5BitPfp6EeVswzmKsN4N1j3,2013,ICG,MS68,,"Mar 24, 2023","$13,200.00",https://auctions.stacksbowers.com/lots/view/3-11DVT9/2013-casascius-01-bitcoin-loaded-firstbits-1agyacis-series-3-silver-ms-68-pl-icg
12C1Majvq2yAn3xjDhNq4U3sAt8477biVt,2013,PCGS,MS67,https://www.pcgs.com/cert/46359624,"Mar 24, 2023","$24,000.00",https://auctions.stacksbowers.com/lots/view/3-11DVTL/2013-casascius-05-bitcoin-loaded-firstbits-12c1majv-series-2-brass-ms-67-pcgs
122kbYtULEFmDKKYVEnysoMQpYYJyPr5sc,2013,PCGS,MS66,https://www.pcgs.com/cert/45761379,"Mar 24, 2023","$27,600.00",https://auctions.stacksbowers.com/lots/view/3-11DVTX/2013-casascius-05-bitcoin-loaded-firstbits-122kbytu-series-2-brass-ms-66-pcgs
13K7EBoF8J2tC2Sxx9AbYZEf2S6PYBTmRC,2011,ANACS,MS66,http://portal.anacs.com/Verify/CertVerification.aspx?cert=6132851,"Mar 24, 2023","$57,600.00",https://auctions.stacksbowers.com/lots/view/3-11DVUB/2011-casascius-1-bitcoin-loaded-firstbits-13k7ebof-series-1-casacius-error-brass-ms-66-anacs
147X1yWHPvBiRSTfzgXtYug1CtNK36fhxa,2011,ANACS,MS65,http://portal.anacs.com/Verify/CertVerification.aspx?cert=6132495,"Mar 24, 2023","$48,000.00",https://auctions.stacksbowers.com/lots/view/3-11DVUM/2011-casascius-1-bitcoin-loaded-firstbits-147x1ywh-series-1-casacius-error-brass-ms-65-anacs
1CSFguKQVfXmQkkBgUV8CBKAbFMnZWUvoP,2012,PCGS,MS66,https://www.pcgs.com/cert/46137745,"Mar 24, 2023","$60,000.00",https://auctions.stacksbowers.com/lots/view/3-11DVUX/2012-casascius-1-bitcoin-loaded-firstbits-1csfgukq-series-2-brass-ms-66-pcgs
136mqggXUzA3kPU6BdE1so6Ud97XFgMF27,2013,ANACS,MS64,http://portal.anacs.com/Verify/CertVerification.aspx?cert=6271952,"Mar 24, 2023","$51,600.00",https://auctions.stacksbowers.com/lots/view/3-11DVVB/2013-casascius-1-bitcoin-loaded-firstbits-136mqggx-series-2-brass-ms-64-anacs
1AgxWBoyL9P6JckA1EZVvP1oiFbXs78bRP,2013,ICG,MS67,,"Mar 24, 2023",$780.00,https://auctions.stacksbowers.com/lots/view/3-11DXJF/redeemed-2013-casascius-01-bitcoin-firstbits-1agxwboy-series-3-silver-ms-67-pl-icg
1Ag6VFJ9SgRbCPgYZULkBwgseruMLgEb88,2013,ICG,MS64,,"Mar 24, 2023","$2,880.00",https://auctions.stacksbowers.com/lots/view/3-11DXJQ/redeemed-2013-casascius-gold-rim-1-bitcoin-firstbits-1ag6vfj9-series-3-silver-ms-64-pl-icg
124cVFmKUJJ8p4DrEd27eNm4Ge3qnHJeKk,2013,PCGS,MS66,https://www.pcgs.com/cert/45421141,"Mar 24, 2023",$780.00,https://auctions.stacksbowers.com/lots/view/3-11DXKV/redeemed-2013-casascius-05-bitcoin-firstbits-124cvfmk-series-2-brass-ms-66-pcgs
124fBBibjq1fNoDE5ZDrV4BjgB8tBUPo7P,2013,PCGS,MS66,https://www.pcgs.com/cert/45421142,"Mar 24, 2023",$840.00,https://auctions.stacksbowers.com/lots/view/3-11DXL9/redeemed-2013-casascius-05-bitcoin-firstbits-124fbbib-series-2-brass-ms-66-pcgs
124JkRDFs8SZrLot19GN7fDRJuue4Xz722,2013,PCGS,MS65,https://www.pcgs.com/cert/45421143,"Mar 24, 2023",$840.00,https://auctions.stacksbowers.com/lots/view/3-11DXLZ/redeemed-2013-casascius-05-bitcoin-firstbits-124jkrdf-series-2-brass-ms-65-pcgs
126EtBbRFivoU8YFxsLgHBky1UhWPhAWLi,2013,ICG,MS64,,"Mar 24, 2023",$660.00,https://auctions.stacksbowers.com/lots/view/3-11DXMG/redeemed-2013-casascius-05-bitcoin-firstbits-126etbbr-series-2-brass-ms-64-icg
1348SSSKkAW8ioeHVM7zKXeZRTUW59fBdC,2013,PCGS,MS65,https://www.pcgs.com/cert/45421135,"Mar 24, 2023",$840.00,https://auctions.stacksbowers.com/lots/view/3-11DXN2/redeemed-2013-casascius-1-bitcoin-firstbits-1348sssk-series-2-brass-ms-65-pcgs
13E3ZRmd8Lbua47h2B48tjuwrKPehW9tUt,2013,PCGS,MS65,https://www.pcgs.com/cert/45421137,"Mar 24, 2023",$720.00,https://auctions.stacksbowers.com/lots/view/3-11DXNH/redeemed-2013-casascius-1-bitcoin-firstbits-13e3zrmd-series-2-brass-ms-65-pcgs
1AgyXnpM6WiLL2fA727UzYwF139LWGnSk9,2013,ANACS,MS68,,"Jun 16, 2023","$10,200.00",https://auctions.stacksbowers.com/lots/view/3-134QGB/2013-casascius-01-bitcoin-loaded-firstbits-1agyxnpm-series-3-silver-ms-68-anacs
121rYPuDgFAF5QDNaVq8xBatoXEJicDXFf,2013,PCGS,MS65,https://www.pcgs.com/cert/45761380,"Jun 16, 2023","$22,800.00",https://auctions.stacksbowers.com/lots/view/3-134QGO/2013-casascius-05-bitcoin-loaded-firstbits-121rypud-series-2-brass-ms-65-pcgs
1241ZPxyrT6NoA8K1i1s3hfr6B3WqLCtXX,2013,PCGS,MS63,https://www.pcgs.com/cert/46878498,"Jun 16, 2023","$16,800.00",https://auctions.stacksbowers.com/lots/view/3-134QH7/2013-casascius-05-bitcoin-loaded-firstbits-1241zpxy-series-2-brass-ms-63-pcgs
1Ag6Y2PwWMdcJm5FHJbukRkaJRx8b9HYbP,2013,PCGS,PR69DCAM,https://www.pcgs.com/cert/46666676,"Jun 16, 2023","$78,000.00",https://auctions.stacksbowers.com/lots/view/3-134QHK/2013-casascius-gold-rim-1-bitcoin-loaded-firstbits-1ag6y2pw-series-3-silver-proof-69-deep-cameo-pcgs
16ppVhXtvhjUFebaDJepiJYxG79q4xSgFW,2011,ANACS,MS67,,"Jun 16, 2023","$40,800.00",https://auctions.stacksbowers.com/lots/view/3-134QI4/2011-casascius-1-bitcoin-loaded-firstbits-16ppvhxt-series-1-casacius-error-brass-ms-67-anacs
1CSYMqE5WKB5b24yMxWJS24c8PJmyrqrFC,2012,PCGS,MS66,https://www.pcgs.com/cert/45761377,"Jun 16, 2023","$40,800.00",https://auctions.stacksbowers.com/lots/view/3-134QIF/2012-casascius-1-bitcoin-loaded-firstbits-1csymqe5-series-2-brass-ms-66-pcgs
1CccCPorrrx6R7n3LvStE4i263du42vCnw,2012,PCGS,MS63,https://www.pcgs.com/cert/46926970,"Jun 16, 2023","$31,200.00",https://auctions.stacksbowers.com/lots/view/3-134QIS/2012-casascius-1-bitcoin-loaded-firstbits-1ccccpor-series-2-brass-ms-63-pcgs
1Cc8DZBvPgPzJUutG6BCrcasTLfm1jMZyS,2012,ICG,MS62,,"Jun 16, 2023","$31,200.00",https://auctions.stacksbowers.com/lots/view/3-134QJ5/2012-casascius-1-bitcoin-loaded-firstbits-1cc8dzbv-series-2-brass-ms-62-icg
13M7FuLFdtu7JbDuhNrwmpLuHG9fSBCdTJ,2013,PCGS,MS67,https://www.pcgs.com/cert/46447905,"Jun 16, 2023","$33,600.00",https://auctions.stacksbowers.com/lots/view/3-134QJG/2013-casascius-1-bitcoin-loaded-firstbits-13m7fulf-series-2-brass-ms-67-pcgs
13BMFDKmHzxkUg9Yp8wk5MQSsX4Vf2vprj,2013,ANACS,MS65,,"Jun 16, 2023","$40,800.00",https://auctions.stacksbowers.com/lots/view/3-134QJU/2013-casascius-1-bitcoin-loaded-firstbits-13bmfdkm-series-2-brass-ms-65-anacs
1CtprxPFwem1htFbNNfhvX2PRZxDrKLpEt,2012,ICG,MS67,,"Jun 16, 2023","$1,440.00",https://auctions.stacksbowers.com/lots/view/3-134RQA/redeemed-2012-casascius-bitnickel-5-bitcoin-firstbits-1ctprxpf-series-1-nickel-plated-brass-ms-67-icg
13MD5U4VEpU7yCf7bQowY2JKoMcGQeBmgB,2013,PCGS,MS66,https://www.pcgs.com/cert/46602489,"Jun 16, 2023",$384.00,https://auctions.stacksbowers.com/lots/view/3-134RR9/redeemed-2013-casascius-1-bitcoin-firstbits-13md5u4v-series-2-brass-ms-66-pcgs
Aluminum Coin,2013,ICG,MS65,,"Jun 16, 2023",$120.00,https://auctions.stacksbowers.com/lots/view/3-134RRM/unfunded-2013-casascius-promotional-diy-bitcoin-orange-finish-aluminum-ms-65-icg
1MZscRD1X49BfBVBJbxH8zyUTtUzK3gn1P,2011,PCGS,MS66,https://www.pcgs.com/cert/47021016,"Aug 25, 2023","$50,400.00",https://auctions.stacksbowers.com/lots/view/3-13WSYZ/2011-casascius-1-bitcoin-loaded-firstbits-1mzscrd1-series-2-brass-ms-66-pcgs
15Zj2te6du5DPdXaXrPgu3N873NKSU2s4F,2011,ANACS,MS65,,"Aug 25, 2023","$48,000.00",https://auctions.stacksbowers.com/lots/view/3-13WSZC/2011-casascius-1-bitcoin-loaded-firstbits-15zj2te6-series-2-brass-ms-65-anacs
1AgRPnVgEyJejCfFP5Qg2AEEM4rtMaYiSF,2012,PCGS,SP68,https://www.pcgs.com/cert/47543719,"Aug 25, 2023","$312,000.00",https://auctions.stacksbowers.com/lots/view/3-13WSZN/2012-casascius-gold-b-10-bitcoin-loaded-firstbits-1agrpnvg-series-2-silver-specimen-68-pcgs
1Cs32ojpqdaL7aD2w94XHkeXTnwLykfSWw,2012,PCGS,MS60,https://www.pcgs.com/cert/47560376,"Aug 25, 2023","$36,000.00",https://auctions.stacksbowers.com/lots/view/3-13WSZW/2012-casascius-1-bitcoin-loaded-firstbits-1cs32ojp-series-2-brass-ms-60-pcgs
1Ag7sqAUCaMFjZT89J3SzCJrjp3SJSXx7b,2013,PCGS,PR69DCAM,https://www.pcgs.com/cert/45923341,"Aug 25, 2023","$52,800.00",https://auctions.stacksbowers.com/lots/view/3-13WT0D/2013-casascius-1-bitcoin-loaded-firstbits-1ag7sqau-series-3-silver-proof-69-deep-cameo-pcgs
13M4LEbTWztEmyCzShLFXjGzeePvax97GS,2013,PCGS,MS67,https://www.pcgs.com/cert/46662373,"Aug 25, 2023","$48,000.00",https://auctions.stacksbowers.com/lots/view/3-13WT0Q/2013-casascius-1-bitcoin-loaded-firstbits-13m4lebt-series-2-brass-ms-67-pcgs
124ULLgEuDAz7M5mCD8QdkAFm9DRsgQDNq,2013,ICG,MS65,,"Aug 25, 2023",$660.00,https://auctions.stacksbowers.com/lots/view/3-13WTSU/redeemed-2013-casascius-05-bitcoin-firstbits-124ullge-series-2-brass-ms-65-icg
124jykZTib4oXSPQFzPZW7bdDyKHZPcokD,2013,ICG,MS64,,"Aug 25, 2023",$456.00,https://auctions.stacksbowers.com/lots/view/3-13WTT5/redeemed-2013-casascius-05-bitcoin-firstbits-124jykzt-series-2-brass-ms-64-icg
13EZFiVi4NhtXikfx26YuY4LD8Smdtf455,2013,PCGS,MS66,https://www.pcgs.com/cert/45421139,"Aug 25, 2023",$576.00,https://auctions.stacksbowers.com/lots/view/3-13WTTG/redeemed-2013-casascius-1-bitcoin-firstbits-13ezfivi-series-2-brass-ms-66-pcgs
13EJH1mKQco2Q3iS5VbQtRJfDh1fcBfxTz,2013,PCGS,MS65,https://www.pcgs.com/cert/45421138,"Aug 25, 2023",$528.00,https://auctions.stacksbowers.com/lots/view/3-13WTTT/redeemed-2013-casascius-1-bitcoin-firstbits-13ejh1mk-series-2-brass-ms-65-pcgs
124hMs2ucC1Vb1RNN5DZ1KrysLS7XpBWqU,2013,ICG,MS63,,"Aug 25, 2023",$408.00,https://auctions.stacksbowers.com/lots/view/3-13XZ7J/redeemed-2013-casascius-05-bitcoin-firstbits-124hms2u-series-2-brass-ms-63-icg
13LzC3YkrYvgkM8QPv3q6CyYJvqciBkkZq,2013,PCGS,MS64,https://www.pcgs.com/cert/45217100,"Aug 25, 2023",$528.00,https://auctions.stacksbowers.com/lots/view/3-13XZ7Y/redeemed-2013-casascius-1-bitcoin-firstbits-13lzc3yk-series-2-brass-ms-64-pcgs
13E8S3k335nkAEppAE58x3njANZ4qKEC4Y,2013,ICG,MS64,,"Aug 25, 2023",$504.00,https://auctions.stacksbowers.com/lots/view/3-13XZ8D/redeemed-2013-casascius-1-bitcoin-firstbits-13e8s3k3-series-2-brass-ms-64-icg
15m2PnxwMnehg6Zw3BNV7UAjEr3tvjLPVV,2011,PCGS,MS67,https://www.pcgs.com/cert/45761378,"Nov 21, 2023","$55,200.00",https://auctions.stacksbowers.com/lots/view/3-160685/2011-casascius-1-bitcoin-loaded-firstbits-15m2pnxw-series-1-casacius-error-brass-ms-67-pcgs
131sJqhgP5S3Np9pKUj5ZWSCHV6dS95hv4,2011,PCGS,MS64,https://www.pcgs.com/cert/47321554,"Nov 21, 2023","$44,400.00",https://auctions.stacksbowers.com/lots/view/3-16068Q/2011-casascius-1-bitcoin-loaded-firstbits-131sjqhg-series-1-casacius-error-brass-ms-64-pcgs
17mPrSScXpsohdVsonSR4ZdkCU3WD9mvDA,2011,ANACS,MS65,,"Nov 21, 2023","$44,200.00",https://auctions.stacksbowers.com/lots/view/3-160693/2011-casascius-1-bitcoin-loaded-firstbits-17mprssc-series-2-brass-ms-65-anacs
1EbSCvc7WwuN6AeaVpW8iArmoVFprEPrXp,2011,ANACS,MS65,,"Nov 21, 2023","$44,400.00",https://auctions.stacksbowers.com/lots/view/3-16069I/2011-casascius-1-bitcoin-loaded-firstbits-1ebscvc7-series-2-brass-ms-65-anacs
1Ag5fpxq8wndYMjeGDkD7DyPMUeFzekUER,2013,PCGS,PR68DCAM,https://www.pcgs.com/cert/47682375,"Nov 21, 2023","$50,400.00",https://auctions.stacksbowers.com/lots/view/3-16069Y/2013-casascius-gold-rim-1-bitcoin-loaded-firstbits-1ag5fpxq-series-3-silver-proof-68-deep-cameo-pcgs
1Ag2RqMex3B1FkDsU87EQD2oSBpy8G3ZVn,2013,ANACS,MS68,,"Nov 21, 2023","$50,400.00",https://auctions.stacksbowers.com/lots/view/3-1606AD/2013-casascius-1-bitcoin-loaded-firstbits-1ag2rqme-series-3-silver-ms-68-anacs
13MD5U4VEpU7yCf7bQowY2JKoMcGQeBmgB,2013,PCGS,MS66,https://www.pcgs.com/cert/46602489,"Nov 21, 2023",$384.00,https://auctions.stacksbowers.com/lots/view/3-16076D/redeemed-2013-casascius-1-bitcoin-firstbits-13md5u4v-series-2-brass-ms-66-pcgs
1GcuZp8vGm8Ry99dqi1Ey1PXd6UxB5vBBL,2011,PCGS,Genuine,https://www.pcgs.com/cert/48479013,"Nov 21, 2023","$28,800.00",https://auctions.stacksbowers.com/lots/view/3-160789/unfunded-2011-casascius-100-bitcoin-bar-firstbits-1gcuzp8v-series-2-gold-plated-alloy-genuine-pcgs
124LzcmbceEGuScqt39WMkdrHspbuFsBpi,2013,ICG,MS65,,"Nov 21, 2023",$240.00,https://auctions.stacksbowers.com/lots/view/3-160935/redeemed-2013-casascius-05-bitcoin-firstbits-124lzcmb-series-2-brass-ms-65-icg
13ECQ6pH2trnDaxyBHsKy4a57WG2hj6Hzt,2013,ICG,MS65,,"Nov 21, 2023",$240.00,https://auctions.stacksbowers.com/lots/view/3-16093C/redeemed-2013-casascius-1-bitcoin-firstbits-13fcqph-series-2-brass-ms-65-icg
12CExM8t5khjYt5qBbFgcGBVGY3XYWWJ6M,2013,ICG,MS67,,"Apr 3, 2024","$45,600.00",https://auctions.stacksbowers.com/lots/view/3-18DWTP/2013-casascius-05-bitcoin-loaded-firstbits-12cexm8t-series-2-brass-ms-67-pl-icg
147VeuatggyJdmnyqi61yXAaVDB35RaeCD,2011,PCGS,MS67,https://www.pcgs.com/cert/48568588,"Apr 3, 2024","$96,000.00",https://auctions.stacksbowers.com/lots/view/3-18DWU2/2011-casascius-1-bitcoin-loaded-firstbits-147veua-series-1-casacius-error-brass-ms-67-pcgs
15LiaCSRNBsiFGJXoaMW9TXJwE8rmQdEQj,2011,PCGS,MS66,https://www.pcgs.com/cert/48931636,"Apr 3, 2024","$90,000.00",https://auctions.stacksbowers.com/lots/view/3-18DWUF/2011-casascius-1-bitcoin-loaded-firstbits-15liacsr-series-1-casacius-error-brass-ms-66-pcgs
13VsK17RGznYP522LEV7DP2SxdRHDHUBqY,2011,ANACS,MS65,,"Apr 3, 2024","$83,500.00",https://auctions.stacksbowers.com/lots/view/3-18DWUS/2011-casascius-1-bitcoin-loaded-firstbits-13vsk17r-series-1-casacius-error-brass-ms-65-anacs
1Ahz7F6Us7P5j5hYgPe2eR61JW9zWWzFd,2011,ICG,MS65,,"Apr 3, 2024","$83,500.00",https://auctions.stacksbowers.com/lots/view/3-18DWV6/2011-casascius-1-bitcoin-loaded-firstbits-1ahz7f6u-series-1-casacius-error-brass-ms-65-icg
13LN9TZm183SfZqMJkPGWXweRzsNXGZYFE,2013,ICG,MS67,,"Apr 3, 2024","$90,000.00",https://auctions.stacksbowers.com/lots/view/3-18DWVK/2013-casascius-1-bitcoin-loaded-firstbits-13ln9tzm-series-2-brass-ms-67-pl-icg
13E4jdEYQBZued5V5EnEJ8uYUUvjteaxjg,2013,PCGS,MS67,https://www.pcgs.com/cert/47466626,"Apr 3, 2024","$87,000.00",https://auctions.stacksbowers.com/lots/view/3-18DWW6/2013-casascius-1-bitcoin-loaded-firstbits-13e4jdey-series-2-brass-ms-67-pcgs
1CsZck7tud5ksDTZXttf1UDMVEmWw3DHiP,2012,PCGS,MS66,https://www.pcgs.com/cert/48901272,"Apr 3, 2024","$360,000.00",https://auctions.stacksbowers.com/lots/view/3-18DWWJ/2012-casascius-bitnickel-5-bitcoin-loaded-firstbits-1cszck7t-series-2-nickel-brass-ms-66-pcgs
1Ag5ic73wPr8y9RagumUPKHpSq1zFqiveH,2013,ICG,MS68,,"Apr 3, 2024","$102,000.00",https://auctions.stacksbowers.com/lots/view/3-18DWWW/2013-casascius-gold-rim-1-bitcoin-loaded-firstbits-1ag5ic73-series-3-silver-ms-68-pl-icg
1AgJYh8iHzj8BJ1oDfb5NmG4BVTiQqc6Fx,2013,PCGS,PR69DCAM,https://www.pcgs.com/cert/48538529,"Apr 3, 2024","$87,000.00",https://auctions.stacksbowers.com/lots/view/3-18DWXB/2013-casascius-1-bitcoin-loaded-firstbits-1agjyh8i-series-3-silver-proof-69-deep-cameo-pcgs
1AggqdVBwLHh9yUqMQgj34Km97zskpmMs2,2013,ANACS,MS69,,"Apr 3, 2024","$84,000.00",https://auctions.stacksbowers.com/lots/view/3-18DWXS/2013-casascius-1-bitcoin-loaded-firstbits-1aggqdvb-series-3-silver-ms-69-anacs
1Aguue7bs1mhXhSUNotA3XAv7vWSA4ox5V,2013,ANACS,MS64,,"Apr 3, 2024","$83,500.00",https://auctions.stacksbowers.com/lots/view/3-18DWY3/2013-casascius-1-bitcoin-loaded-firstbits-1aguue7b-series-3-silver-ms-64-anacs
13LdZa96u2j8fYnfejeETP2C2C2uW7omP4,2013,PCGS,MS64,https://www.pcgs.com/cert/45217098,"Apr 3, 2024",$528.00,https://auctions.stacksbowers.com/lots/view/3-18DXOX/redeemed-2013-casascius-1-bitcoin-firstbits-13ldza96-series-2-brass-ms-64-pcgs
1GCvvYazbuaVyWbMpGk62t6QDthJ1EY3Z4,2011,PCGS,Genuine,https://www.pcgs.com/cert/46890740,"Apr 3, 2024","$13,800.00",https://auctions.stacksbowers.com/lots/view/3-18DXQ1/unfunded-2011-casascius-100-bitcoin-bar-firstbits-1gcwyaz-series-2-gold-plated-alloy-genuine-pcgs
19guzSV7DMdinAvapx2nxyo6Lc2oSq8dg6,2011,NGC,MS66,https://www.ngccoin.com/certlookup/8209213-003/66/,"Nov 6, 2025","$114,000.00",https://coins.ha.com/itm/cryptocurrency/cryptocurrency-casascius-brass-double-error-loaded-unredeemed-1-bitcoin-btc-2011-ms66-ngc-/a/3126-30030.s?lotPosition=5&ic16=ViewItem-BrowseTabs-Inventory-BuyNowFromOwner-ArchiveSearchResults-012417
1Gcy3Yy4mh8xYdtYfVYDqWLUwPTJczBoAm,2011,PCGS,Genuine,https://www.pcgs.com/cert/49747176,"Nov 6, 2025","$105,000.00",https://coins.ha.com/itm/cryptocurrency/casascius-gold-plated-brass-storage-bar-bearer-bar-loaded-unredeemed-1-bitcoin-btc-2011-genuine-pcgs-/a/3126-30031.s?ic16=ViewItem-BrowseTabs-Inventory-BuyNowFromOwner-ThisAuction-120115
1Agk3CAk2QbDwENywK6mMKB5fP2XTe8FUt,2012,PCGS,SP66,https://www.pcgs.com/cert/51666100,"Nov 6, 2025","$4,560.00",https://coins.ha.com/itm/cryptocurrency/casascius-silver-unloaded-redeemed-10-bitcoin-btc-2012-ms66-pcgs-/a/3126-30032.s?ic16=ViewItem-BrowseTabs-Inventory-BuyNowFromOwner-ThisAuction-120115
2factor 1AuDhxo8TLQFPU3C,2012,NGC,PF68UCAM,https://www.ngccoin.com/certlookup/5131538-002/68/,"Nov 6, 2025","$27,600.00",https://coins.ha.com/itm/cryptocurrency/casascius-gold-unloaded-unfunded-gold-cas-1000-bitcoin-btc-2012-pr68-ultra-cameo-ngc-/a/3126-30033.s?ic16=ViewItem-BrowseTabs-Inventory-BuyNowFromOwner-ThisAuction-120115
13BMbyuwnSbgm8Nw1iDU7e1HvPKWLSUdxA,2013,PCGS,MS65,https://www.pcgs.com/cert/53621427,"Nov 6, 2025","$105,000.00",https://coins.ha.com/itm/cryptocurrency/casascius-brass-loaded-unredeemed-1-bitcoin-btc-2013-ms65-pcgs-/a/3126-30046.s?ic16=ViewItem-BrowseTabs-Inventory-BuyNowFromOwner-ThisAuction-120115
1314jQ7BkcPmauzFKRuCsV9ksPrSZU86t6,2013,NGC,MS64,https://www.ngccoin.com/certlookup/8568268-001/64/,"Nov 6, 2025","$103,200.00",https://coins.ha.com/itm/cryptocurrency/casascius-brass-loaded-unredeemed-1-bitcoin-btc-2013-ms64-ngc-/a/3126-30047.s?ic16=ViewItem-BrowseTabs-Auction-Archive-ThisAuction-120115
134mz6ZQa2Yv9Dwd7ESoXzjrCdojvGq6PK,2013,NGC,MS67,https://www.ngccoin.com/certlookup/6833758-048/67/,"May 1, 2025","$97,200.00",https://coins.ha.com/itm/cryptocurrency/cryptocurrency-casascius-brass-loaded-unredeemed-1-bitcoin-btc-2013-ms67-ngc-/a/3123-30070.s?ic4=ListView-ShortDescription-071515
1Ag6z4rQCA3czTJUYb4qKbtZrnKyecC8RK,2013,PCGS,PR69DCAM,https://www.pcgs.com/cert/51292920,"Jun 6, 2025","$117,000.00",https://coins.ha.com/itm/cryptocurrency/cryptocurrency-casascius-gilt-silver-loaded-unredeemed-gold-rim-1-bitcoin-btc-2013-pr69-deep-cameo-pcgs-/a/3131-30049.s?lotPosition=4&ic16=ViewItem-BrowseTabs-Auction-Archive-ArchiveSearchResults-012417
1GdgTNBLLn27WMSC8mnpewgNSCZqdwSGqA,2011,PCGS,Genuine,https://www.pcgs.com/cert/49747178,"Jun 6, 2025","$26,400.00",https://coins.ha.com/itm/cryptocurrency/casascius-gold-plated-brass-storage-bar-bearer-bar-loaded-unredeemed-01-bitcoin-btc-nd-2011-genuine-pcgs-/a/3131-30038.s?ic16=ViewItem-BrowseTabs-Auction-Archive-ThisAuction-120115
1FpaqKNFy5eake3pmMEPiPkvNsjuXiUCi,2011,NGC,MS66,https://www.ngccoin.com/certlookup/8209216-001/66/,"Jun 6, 2025","$108,000.00",https://coins.ha.com/itm/cryptocurrency/casascius-brass-casacius-loaded-unredeemed-1-bitcoin-btc-2011-ms66-ngc-/a/3131-30039.s?ic16=ViewItem-BrowseTabs-Inventory-BuyNowFromOwner-ThisAuction-120115
1PmdGw43ybCNs6DpBw6SKEDZayjRoc1N1B,2011,PCGS,MS66,https://www.pcgs.com/cert/49744959,"Jun 6, 2025",Not Sold,https://coins.ha.com/itm/cryptocurrency/casascius-brass-casacius-loaded-unredeemed-1-bitcoin-btc-2011-ms66-pcgs-/a/3131-30040.s?ic16=ViewItem-BrowseTabs-Inventory-BuyNowFromOwner-ThisAuction-120115
1EWgq7NLjG9GnjALsxd3Dk2FwtA2sQPa6Q,2011,NGC,MS64,https://www.ngccoin.com/certlookup/8209215-002/64/,"Jun 6, 2025",Not Sold,https://coins.ha.com/itm/cryptocurrency/casascius-brass-casacius-loaded-unredeemed-1-bitcoin-btc-2011-ms64-ngc-/a/3131-30041.s?ic16=ViewItem-BrowseTabs-Auction-Archive-ThisAuction-120115
18Nx9vx7uQfLUTKPGBNPiftXeAXukaBm85,2011,PCGS,MS64,https://www.pcgs.com/cert/49746300,"Jun 6, 2025",Not Sold,https://coins.ha.com/itm/cryptocurrency/casascius-brass-casacius-loaded-unredeemed-1-bitcoin-btc-2011-ms64-pcgs-/a/3131-30042.s?ic16=ViewItem-BrowseTabs-Auction-Archive-ThisAuction-120115
1CAH8ptQrd1MJuGXta7Nk2Li4axZRgnKRX,2012,NGC,MS65,https://www.ngccoin.com/certlookup/8209226-001/65/,"Jun 6, 2025",Not Sold,https://coins.ha.com/itm/cryptocurrency/casascius-brass-loaded-unredeemed-1-bitcoin-btc-2011-ms65-ngc-/a/3131-30043.s?ic16=ViewItem-BrowseTabs-Auction-Archive-ThisAuction-120115
2factor 1Auiao8gP7YEnaUF,2012,NGC,PF69UCAM,https://www.ngccoin.com/certlookup/5131537-002/69/,"Jun 6, 2025","$84,000.00",https://coins.ha.com/itm/cryptocurrency/casascius-gold-unloaded-unfunded-gold-cas-1000-bitcoin-btc-2012-pr69-ultra-cameo-ngc-/a/3131-30044.s?ic16=ViewItem-BrowseTabs-Auction-Archive-ThisAuction-120115
12584wxDBtJmKcBWH8BcqgncpxS1L54Cky,2013,NGC,MS66,https://www.ngccoin.com/certlookup/6833758-190/66/,"Jun 6, 2025","$54,000.00",https://coins.ha.com/itm/cryptocurrency/casascius-brass-loaded-unredeemed-05-bitcoin-btc-2013-ms66-ngc-/a/3131-30045.s?ic16=ViewItem-BrowseTabs-Auction-Archive-ThisAuction-120115
125R1RnX35tqhbMieVbMDsBRe7MhmP4PuJ,2013,PCGS,MS66,https://www.pcgs.com/cert/49747461,"Jun 6, 2025","$52,800.00",https://coins.ha.com/itm/cryptocurrency/casascius-brass-loaded-unredeemed-05-bitcoin-btc-2013-ms66-pcgs-/a/3131-30046.s?ic16=ViewItem-BrowseTabs-Auction-Archive-ThisAuction-120115
136CaLkxL32bE7eV7CfdU3987YVYxgUMBr,2013,NGC,MS67,https://www.ngccoin.com/certlookup/6833758-007/67/,"Jun 6, 2025",Not Sold,https://coins.ha.com/itm/cryptocurrency/casascius-brass-loaded-unredeemed-1-bitcoin-btc-2013-ms67-ngc-/a/3131-30047.s?ic16=ViewItem-BrowseTabs-Auction-Archive-ThisAuction-120115
133Z3Duk46cigks1JVECCvEXqQAvyJELhC,2013,PCGS,MS66,https://www.pcgs.com/cert/49747402,"Jun 6, 2025",Not Sold,https://coins.ha.com/itm/cryptocurrency/casascius-brass-loaded-unredeemed-1-bitcoin-btc-2013-ms66-pcgs-/a/3131-30048.s?ic16=ViewItem-BrowseTabs-Auction-Archive-ThisAuction-120115
1256uomjoQctVjh2YeYfAageh6KepiK1x8,2013,PCGS,MS66,https://www.pcgs.com/cert/50556057,"Jun 6, 2025",$492.00,https://coins.ha.com/itm/cryptocurrency/casacius-brass-unloaded-redeemed-05-bitcoin-btc-2013-ms66-pcgs-/a/3131-30050.s?ic16=ViewItem-BrowseTabs-Auction-Archive-ThisAuction-120115
13CM7qoXQWmkvEX8Qb1vMFAunqAhVemJQz,2013,NGC,MS67,https://www.ngccoin.com/certlookup/8209191-013/67/,"Jun 6, 2025",$900.00,https://coins.ha.com/itm/cryptocurrency/casascius-brass-unloaded-redeemed-1-bitcoin-btc-2013-ms67-ngc-/a/3131-30051.s?ic16=ViewItem-BrowseTabs-Inventory-BuyNowFromOwner-ThisAuction-120115
13CYg7zGDymZjN68RZMrbDf9gFxsTK6t8B,2013,PCGS,MS67,https://www.pcgs.com/cert/49743536,"Jun 6, 2025","$2,100.00",https://coins.ha.com/itm/cryptocurrency/casascius-brass-unloaded-redeemed-1-bitcoin-btc-2013-ms67-pcgs-/a/3131-30052.s?ic16=ViewItem-BrowseTabs-Inventory-BuyNowFromOwner-ThisAuction-120115
13C57WheniuX7aUFLZbgq3igmWp9cMxMff,2013,NGC,MS66,https://www.ngccoin.com/certlookup/8209191-002/66/,"Jun 6, 2025","$1,320.00",https://coins.ha.com/itm/cryptocurrency/casascius-brass-unloaded-redeemed-1-bitcoin-btc-2013-ms66-ngc-/a/3131-30053.s?ic16=ViewItem-BrowseTabs-Auction-Archive-ThisAuction-120115
13CR1gtDLB1E9fP3wLPAVeG2sFpzHPqCLH,2013,PCGS,MS66,https://www.pcgs.com/cert/49743535,"Jun 6, 2025","$1,320.00",https://coins.ha.com/itm/cryptocurrency/casascius-brass-unloaded-redeemed-1-bitcoin-btc-2013-ms66-pcgs-/a/3131-30054.s?ic16=ViewItem-BrowseTabs-Inventory-BuyNowFromOwner-ThisAuction-120115#
St. Petersburg Bowl,2014,NGC,PF67UCAM,https://www.ngccoin.com/certlookup/8242890-004/67/,"Jun 6, 2025","$1,560.00",https://coins.ha.com/itm/cryptocurrency/casascius-silver-unloaded-unfunded-st-petersburg-bitcoin-bowl-medal-2014-pr67-ultra-cameo-ngc-/a/3131-30055.s?ic16=ViewItem-BrowseTabs-Inventory-BuyNowFromOwner-ThisAuction-120115
13C4r9fNSepKcibGnAe42Nx6TsuuKTqrgD,2013,NGC,MS66,https://www.ngccoin.com/certlookup/8747894-017/66/,"Jun 4, 2026",$463.60,https://coins.ha.com/itm/cryptocurrency/cryptocurrency-casascius-brass-unloaded-redeemed-1-bitcoin-btc-2013-ms66-ngc-/a/232623-61164.s?ic4=ListView-ShortDescription-071515
1Ag2icXLE4yqwh6jYEvT3RFgXFfyA9v12h,2013,PCGS,PR62,https://www.pcgs.com/cert/51179609,"Jan 26, 2025","$108,000.00",https://coins.ha.com/itm/cryptocurrency/cryptocurrency-casascius-silver-proof-loaded-unredeemed-1-bitcoin-btc-2013-pr62-pcgs-/a/65185-98038.s?ic4=ListView-ShortDescription-071515
2factor 1Au9Aag4jVYqbu3L,2012,NGC,PF68UCAM,https://www.ngccoin.com/certlookup/8209231-004/68/,"Jan 20, 2025","$168,000.00",https://coins.ha.com/itm/casascius-gold-unloaded-unfunded-gold-cas-1000-bitcoin-btc-2012-pr68-ultra-cameo-ngc-/a/3128-36036.s?ic4=ListView-ShortDescription-071515
1AgQSDDn3mm7F7B3DsjKbyFuuQLohmcPca,2013,PCGS,PR66DCAM,https://www.pcgs.com/cert/49748530,"Jan 20, 2025","$117,000.00",https://coins.ha.com/itm/cryptocurrency/cryptocurrency-casascius-silver-proof-loaded-unredeemed-1-bitcoin-btc-2013-pr66-deep-cameo-pcgs-/a/3128-36043.s?lotPosition=3&ic16=ViewItem-BrowseTabs-Inventory-BuyNowFromOwner-ArchiveSearchResults-012417
1Agw6y5igShJB12yRHA2nnDWmNWrXU66iF,2013,NGC,PF69UCAM,https://www.ngccoin.com/certlookup/8209222-001/69/,"Jan 20, 2025","$114,000.00",https://coins.ha.com/itm/cryptocurrency/casascius-silver-proof-loaded-unredeemed-1-bitcoin-btc-2013-pr69-ultra-cameo-ngc-/a/3128-36042.s?ic16=ViewItem-BrowseTabs-Auction-Archive-ThisAuction-120115
1331BaAyEoRAJGJmgzM2XKpv2Je31HaTrH,2013,PCGS,MS67,https://www.pcgs.com/cert/49747406,"Jan 20, 2025","$111,000.00",https://coins.ha.com/itm/cryptocurrency/casascius-brass-loaded-unredeemed-1-bitcoin-btc-2013-ms67-pcgs-/a/3128-36041.s?ic16=ViewItem-BrowseTabs-Auction-Archive-ThisAuction-120115
12583CxfXXqqKRU6mreSR46B3wKwsxRtxT,2013,PCGS,MS66,https://www.pcgs.com/cert/49747486,"Jan 20, 2025","$57,600.00",https://coins.ha.com/itm/cryptocurrency/casascius-brass-loaded-unredeemed-05-bitcoin-btc-2013-ms66-pcgs-/a/3128-36040.s?ic16=ViewItem-BrowseTabs-Inventory-BuyNowFromOwner-ThisAuction-120115
1AgyC8AtoFpnKbMzTPDZeaq9mgoLuKEHjj,2013,NGC,PF68UCAM,https://www.ngccoin.com/certlookup/8209222-003/68/,"Jan 20, 2025","$33,600.00",https://coins.ha.com/itm/cryptocurrency/casascius-silver-proof-loaded-unredeemed-01-bitcoin-btc-2013-pr68-ultra-cameo-ngc-/a/3128-36039.s?ic16=ViewItem-BrowseTabs-Inventory-BuyNowFromOwner-ThisAuction-120115
1AgypFukHgvnKv68xRzBjrEgjfeH9EmYXL,2013,PCGS,PR68DCAM,https://www.pcgs.com/cert/49748533,"Jan 20, 2025","$36,000.00",https://coins.ha.com/itm/cryptocurrency/casascius-silver-proof-loaded-unredeemed-01-bitcoin-btc-2013-pr68-deep-cameo-pcgs-/a/3128-36038.s?ic16=ViewItem-BrowseTabs-Auction-Archive-ThisAuction-120115
1AgyAERKfKpjeUG92CTVJEoWa8EWULoL3A,2013,NGC,PF69UCAM,https://www.ngccoin.com/certlookup/8209222-004/69/,"Jan 20, 2025","$40,800.00",https://coins.ha.com/itm/cryptocurrency/casascius-silver-proof-loaded-unredeemed-01-bitcoin-btc-2013-pr69-ultra-cameo-ngc-/a/3128-36037.s?ic16=ViewItem-BrowseTabs-Auction-Archive-ThisAuction-120115
1GDmtdStYTPfJYdqDNxuqj3S9RhuY4rNyo,2011,NGC,MS60,https://www.ngccoin.com/certlookup/8209228-001/60/,"Jan 20, 2025","$8,700.00",https://coins.ha.com/itm/cryptocurrency/casascius-gilt-brass-unloaded-redeemed-25-bitcoin-btc-2011-ms60-pcgs-/a/3128-36035.s?ic16=ViewItem-BrowseTabs-Auction-Archive-ThisAuction-120115
1PfqtGFjjabrsgmf5XinLM5HQPKqERJbnk,2011,NGC,MS62,https://www.ngccoin.com/certlookup/8209227-003/62/,"Jan 20, 2025",Not Sold,https://coins.ha.com/itm/cryptocurrency/casascius-brass-loaded-unredeemed-1-bitcoin-btc-2011-ms62-ngc-/a/3128-36034.s?ic16=ViewItem-BrowseTabs-Inventory-BuyNowFromOwner-ThisAuction-120115
1CAU8zUx2SsBPPkyHPw98Ee1vUJaskMryy,2011,NGC,MS65,https://www.ngccoin.com/certlookup/8209226-003/65/,"Jan 20, 2025","$111,000.00",https://coins.ha.com/itm/cryptocurrency/casascius-brass-loaded-unredeemed-1-bitcoin-btc-2011-ms65-ngc-/a/3128-36033.s?ic16=ViewItem-BrowseTabs-Auction-Archive-ThisAuction-120115
1CAEQzszk4xMsp5VgqHvb11HxFEYndRSf9,2011,PCGS,MS65,https://www.pcgs.com/cert/49744957,"Jan 20, 2025",Not Sold,https://coins.ha.com/itm/cryptocurrency/casascius-brass-loaded-unredeemed-1-bitcoin-btc-2011-ms65-pcgs-/a/3128-36032.s?ic16=ViewItem-BrowseTabs-Inventory-BuyNowFromOwner-ThisAuction-120115
19HJR3VHF5ahToSDnSUgafUqQfcmbQBYzU,2011,NGC,MS65,https://www.ngccoin.com/certlookup/8209218-001/65/,"Jan 20, 2025",Not Sold,https://coins.ha.com/itm/cryptocurrency/casascius-brass-casacius-loaded-unredeemed-1-bitcoin-btc-2011-ms65-ngc-/a/3128-36031.s?ic16=ViewItem-BrowseTabs-Auction-Archive-ThisAuction-120115
18JpEJvwMoF1bi1Kwyq11fBzMAGJadJNSF,2011,PCGS,MS66,https://www.pcgs.com/cert/49746343,"Jan 20, 2025",Not Sold,https://coins.ha.com/itm/cryptocurrency/cryptocurrency-casascius-brass-casacius-loaded-unredeemed-1-bitcoin-btc-2011-ms66-pcgs-/a/3128-36030.s?ic16=ViewItem-Inventory-BuyNowFromOwner-JumpLot-NextLot-050318
19MXSzwuK4ciuv2nKGmkHFDnFSgSzMi6hN,2011,NGC,MS66,https://www.ngccoin.com/certlookup/8209218-002/66/,"Jan 20, 2025","$111,000.00",https://coins.ha.com/itm/cryptocurrency/cryptocurrency-casascius-brass-casacius-loaded-unredeemed-1-bitcoin-btc-2011-ms66-ngc-/a/3128-36029.s?ic16=ViewItem-Auction-Archive-JumpLot-PreviousLot-050318
1Fpy2BYpr6T8ZXDaAnkh8cHbTb3b6xkm4B,2011,NGC,MS67,https://www.ngccoin.com/certlookup/8209216-002/67/,"Jan 20, 2025","$111,000.00",https://coins.ha.com/itm/cryptocurrency/cryptocurrency-casascius-brass-casacius-loaded-unredeemed-1-bitcoin-btc-2011-ms67-ngc-/a/3128-36028.s?ic16=ViewItem-Inventory-BuyNowFromOwner-JumpLot-PreviousLot-050318
19r1SK9yKh9jZnDprPxJN3ZkJGmUrx9JYD,2011,PCGS,MS67,https://www.pcgs.com/cert/49744955,"Jan 20, 2025","$111,000.00",https://coins.ha.com/itm/cryptocurrency/cryptocurrency-casascius-brass-casacius-loaded-unredeemed-1-bitcoin-btc-2011-ms67-pcgs-/a/3128-36027.s?ic16=ViewItem-Inventory-BuyNowFromOwner-JumpLot-PreviousLot-050318
18qgwKtk9VydtA9X4kkCSVqdUWanvXXLvs,2011,NGC,MS66,https://www.ngccoin.com/certlookup/8209196-002/66/,"Jan 19, 2026","$103,700.00",https://coins.ha.com/itm/cryptocurrency/cryptocurrency-casascius-brass-casacius-loaded-unredeemed-1-bitcoin-btc-2011-ms66-ngc-/a/3133-37026.s?ic4=ListView-ShortDescription-071515
2factor 1AuEVPghdbbQuDfz,2012,NGC,PF69UCAM,https://www.ngccoin.com/certlookup/5131537-004/69/,"Jan 19, 2026","$97,600.00",https://coins.ha.com/itm/cryptocurrency/casascius-gold-unloaded-unfunded-gold-cas-1000-bitcoin-btc-2012-pr69-ultra-cameo-ngc-/a/3133-37027.s?ic16=ViewItem-BrowseTabs-Auction-Archive-ThisAuction-120115
1245hLHTwRHjYbbsadw8m4sRDQ66bLRfUs,2013,NGC,MS66,https://www.ngccoin.com/certlookup/6833758-205/66/,"Jan 19, 2026","$48,800.00",https://coins.ha.com/itm/cryptocurrency/casascius-brass-loaded-unredeemed-05-bitcoin-btc-2013-ms66-ngc-/a/3133-37028.s?ic16=ViewItem-BrowseTabs-Auction-Archive-ThisAuction-120115
135WeTFEqHNxMNy1okVb6yyMo1rNQ9AR7e,2013,NGC,MS67,https://www.ngccoin.com/certlookup/6833758-145/67/,"Jan 19, 2026","$100,650.00",https://coins.ha.com/itm/cryptocurrency/casascius-brass-loaded-unredeemed-1-bitcoin-btc-2013-ms67-ngc-/a/3133-37029.s?ic16=ViewItem-BrowseTabs-Auction-Archive-ThisAuction-120115
133A3kXFrP484Zjz7gTBf2H8bKdTW14SUL,2013,NGC,MS66,https://www.ngccoin.com/certlookup/6842227-001/66/,"Dec 8, 2024","$102,000.00",https://coins.ha.com/itm/cryptocurrency/cryptocurrency-casascius-brass-loaded-unredeemed-1-bitcoin-btc-2013-ms66-ngc-/a/3120-30190.s?ic4=ListView-ShortDescription-071515
124WfK33aWSjdENkzuYqPvGDt2v7TSkTVZ,2013,NGC,MS66,https://www.ngccoin.com/certlookup/6833758-231/66/,"Dec 8, 2024","$52,800.00",https://coins.ha.com/itm/cryptocurrency/casascius-brass-loaded-unredeemed-05-bitcoin-btc-2013-ms66-ngc-/a/3120-30183.s?ic16=ViewItem-BrowseTabs-Inventory-BuyNowFromOwner-ThisAuction-120115
125Q7sJ2p6zDVHFrqQwNsXSkZVaRmFvibd,2013,PCGS,MS66,https://www.pcgs.com/cert/49747460,"Dec 8, 2024","$54,000.00",https://coins.ha.com/itm/cryptocurrency/casascius-brass-loaded-unredeemed-05-bitcoin-btc-2013-ms66-pcgs-/a/3120-30184.s?ic16=ViewItem-BrowseTabs-Auction-Archive-ThisAuction-120115
12424P5NM1MtdqHQH7bZUjZC7Z5ZbN5QtP,2013,PCGS,MS65,https://www.pcgs.com/cert/49747413,"Dec 8, 2024","$52,800.00",https://coins.ha.com/itm/cryptocurrency/casascius-brass-loaded-unredeemed-05-bitcoin-btc-2013-ms65-pcgs-/a/3120-30185.s?ic16=ViewItem-BrowseTabs-Inventory-BuyNowFromOwner-ThisAuction-120115
18Ps5KtamRPhtXYwcxWGeRTMukfEwnLJq5,2011,NGC,MS66,https://www.ngccoin.com/certlookup/8209196-003/66/,"Dec 8, 2024",Not Sold,https://coins.ha.com/itm/cryptocurrency/casascius-brass-casacius-loaded-unredeemed-1-bitcoin-btc-2011-ms66-ngc-/a/3120-30186.s?ic16=ViewItem-BrowseTabs-Inventory-BuyNowFromOwner-ThisAuction-120115
1P9Y1p9dH5P3G3ee6C6o3wzJ1zH3Mu9WjG,2011,NGC,MS65,https://www.ngccoin.com/certlookup/8209199-002/65/,"Dec 8, 2024",Not Sold,https://coins.ha.com/itm/cryptocurrency/casascius-brass-casacius-loaded-unredeemed-1-bitcoin-btc-2011-ms65-ngc-/a/3120-30187.s?ic16=ViewItem-BrowseTabs-Auction-Archive-ThisAuction-120115
1332qQJ9R9pMGoFq3QYgHRhgzgBaiT2Hcg,2013,NGC,MS67,https://www.ngccoin.com/certlookup/6833758-051/67/,"Dec 8, 2024",Not Sold,https://coins.ha.com/itm/cryptocurrency/casascius-brass-loaded-unredeemed-1-bitcoin-btc-2013-ms67-ngc-/a/3120-30188.s?ic16=ViewItem-BrowseTabs-Auction-Archive-ThisAuction-120115
137czggSQyvFPJv1QskUXLPwEKcLWGoGBr,2013,PCGS,MS67,https://www.pcgs.com/cert/49747590,"Dec 8, 2024",Not Sold,https://coins.ha.com/itm/cryptocurrency/casascius-brass-loaded-unredeemed-1-bitcoin-btc-2013-ms67-pcgs-/a/3120-30189.s?ic16=ViewItem-BrowseTabs-Auction-Archive-ThisAuction-120115#
136aiDovq9FJY9gFc9yMT1VUnqyRb6vhfa,2013,PCGS,MS66,https://www.pcgs.com/cert/49747403,"Dec 8, 2024",Not Sold,https://coins.ha.com/itm/cryptocurrency/casascius-brass-loaded-unredeemed-1-bitcoin-btc-2013-ms66-pcgs-/a/3120-30191.s?ic16=ViewItem-BrowseTabs-Inventory-BuyNowFromOwner-ThisAuction-120115#
13AwXXjVsna3BwoPgyKuJUSSxdRGtauSJB,2013,NGC,MS67,https://www.ngccoin.com/certlookup/6833758-043/67/,"Dec 12, 2024","$108,000.00",https://coins.ha.com/itm/cryptocurrency/cryptocurrency-casascius-brass-loaded-unredeemed-1-bitcoin-btc-2013-ms67-ngc-/a/232450-62223.s?ic4=ListView-ShortDescription-071515
125kLLC1wKueQfPVTjmSddpB3L8Qq2dBDb,2013,NGC,MS66,https://www.ngccoin.com/certlookup/6835564-019/66/,"Dec 12, 2024",$432.00,https://coins.ha.com/itm/cryptocurrency/casascius-brass-unloaded-redeemed-05-bitcoin-btc-2013-ms66-ngc-/a/232450-62222.s?ic16=ViewItem-BrowseTabs-Inventory-BuyNowFromOwner-ThisAuction-120115
133RXZaTtyyDLCTCdyFHCW4TV2nH4xxj2K,2013,NGC,MS66,https://www.ngccoin.com/certlookup/6842225-001/66/,"Aug 15, 2024","$66,000.00",https://coins.ha.com/itm/cryptocurrency/cryptocurrency-casascius-brass-loaded-unredeemed-1-bitcoin-btc-2013-ms66-ngc-/a/3118-32030.s?ic4=ListView-ShortDescription-071515
15eTzCSj3G5gngyFYeztApydy1xNyh4pz3,2011,PCGS,MS64,https://www.pcgs.com/cert/49743472,"Aug 15, 2024","$4,080.00",https://coins.ha.com/itm/cryptocurrency/casascius-brass-unloaded-demo-1-bitcoin-btc-2011-ms64-pcgs-/a/3118-32001.s?ic16=ViewItem-BrowseTabs-Auction-Archive-ThisAuction-120115#
1NSNKCP2ZRT9Si3FHTQKCicVvb73MYVJdn,2011,NGC,MS67,https://www.ngccoin.com/certlookup/8209194-003/67/,"Aug 15, 2024","$60,000.00",https://coins.ha.com/itm/cryptocurrency/casascius-brass-casacius-loaded-unredeemed-1-bitcoin-btc-2011-ms67-ngc-/a/3118-32002.s?ic16=ViewItem-BrowseTabs-Auction-Archive-ThisAuction-120115#
19MyvLp3LJi1n2p7jqtXnqENnvAZkQmgwT,2011,NGC,MS66,https://www.ngccoin.com/certlookup/8209193-003/66/,"Aug 15, 2024","$60,000.00",https://coins.ha.com/itm/cryptocurrency/casascius-brass-casacius-loaded-unredeemed-1-bitcoin-btc-2011-ms66-ngc-/a/3118-32003.s?ic16=ViewItem-BrowseTabs-Inventory-BuyNowFromOwner-ThisAuction-120115
1A2Qg7aB5onNcWXxxxmTcUYUDZp4mtZVCU,2011,NGC,MS64,https://www.ngccoin.com/certlookup/8209195-003/64/,"Aug 15, 2024","$60,000.00",https://coins.ha.com/itm/cryptocurrency/casascius-brass-casacius-loaded-unredeemed-1-bitcoin-btc-2011-ms64-ngc-/a/3118-32005.s?ic16=ViewItem-BrowseTabs-Inventory-BuyNowFromOwner-ThisAuction-120115
1CAYauRpiQsUDpjXCUmkNMuHyUcW7Rdz6A,2011,NGC,MS64,https://www.ngccoin.com/certlookup/8209226-002/64/,"Aug 15, 2024","$60,000.00",https://coins.ha.com/itm/cryptocurrency/casascius-brass-loaded-unredeemed-1-bitcoin-btc-2011-ms64-ngc-/a/3118-32010.s?ic16=ViewItem-BrowseTabs-Inventory-BuyNowFromOwner-ThisAuction-120115
1CCJGmuSrkrhdpCSLy28cQ6H355bbMMs1T,2012,NGC,MS68,https://www.ngccoin.com/certlookup/8209223-001/68/,"Aug 15, 2024","$66,000.00",https://coins.ha.com/itm/cryptocurrency/casascius-brass-loaded-unredeemed-1-bitcoin-btc-2012-ms68-ngc-/a/3118-32015.s?ic16=ViewItem-BrowseTabs-Auction-Archive-ThisAuction-120115
1NsoMVryU79SdNw8WpYRL6yEvKTRnaAptD,2011,NGC,MS65,https://www.ngccoin.com/certlookup/8209195-001/65/,"Aug 15, 2024","$60,000.00",https://coins.ha.com/itm/cryptocurrency/casascius-brass-casacius-loaded-unredeemed-1-bitcoin-btc-2011-ms65-ngc-/a/3118-32004.s?ic16=ViewItem-BrowseTabs-Inventory-BuyNowFromOwner-ThisAuction-120115
15t3EKsUPfFFHk8MJpccKCL6BfDy9nRSSN,2011,NGC,MS63,https://www.ngccoin.com/certlookup/8209193-001/63/,"Aug 15, 2024","$60,000.00",https://coins.ha.com/itm/cryptocurrency/casascius-brass-casacius-loaded-unredeemed-1-bitcoin-btc-2011-ms63-ngc-/a/3118-32006.s?ic16=ViewItem-BrowseTabs-Inventory-BuyNowFromOwner-ThisAuction-120115
1Ca4ucGRoMGyEPYWmdUjxFmHSD9iYQMauW,2011,PCGS,MS65,https://www.pcgs.com/cert/49748396,"Aug 15, 2024","$60,000.00",https://coins.ha.com/itm/cryptocurrency/casascius-brass-loaded-unredeemed-1-bitcoin-btc-2011-ms65-pcgs-/a/3118-32009.s?ic16=ViewItem-BrowseTabs-Inventory-BuyNowFromOwner-ThisAuction-120115
1CagQYVB6BzCtapQqYLjqPtoRrTE5SXxxU,2011,PCGS,MS63,https://www.pcgs.com/cert/49746664,"Aug 15, 2024","$60,000.00",https://coins.ha.com/itm/cryptocurrency/casascius-brass-loaded-unredeemed-1-bitcoin-btc-2011-ms63-pcgs-/a/3118-32011.s?ic16=ViewItem-BrowseTabs-Inventory-BuyNowFromOwner-ThisAuction-120115
1CcGTR7o2H2p1u4oZi9MyvvYdViKT4pqdd,2011,PCGS,MS66,https://www.pcgs.com/cert/49748397,"Aug 15, 2024","$60,000.00",https://coins.ha.com/itm/cryptocurrency/casascius-brass-loaded-unredeemed-1-bitcoin-btc-2011-ms66-pcgs-/a/3118-32008.s?ic16=ViewItem-BrowseTabs-Auction-Archive-ThisAuction-120115
1GCufn8uEWqnTRXAbwiaxzdkvCHFSwytqT,2011,PCGS,Genuine,https://www.pcgs.com/cert/49743279,"Aug 15, 2024","$180,000.00",https://coins.ha.com/itm/cryptocurrency/casascius-gold-plated-brass-storage-bar-bearer-bar-loaded-unredeemed-3-bitcoin-btc-2011-genuine-pcgs-/a/3118-32012.s?ic16=ViewItem-BrowseTabs-Inventory-BuyNowFromOwner-ThisAuction-120115
1QBWPrTPz5EZ23KLCDAtRf2HGjH89ZLw1K,2011,PCGS,MS63,https://www.pcgs.com/cert/49743470,"Aug 15, 2024","$4,800.00",https://coins.ha.com/itm/cryptocurrency/casascius-gilt-brass-unloaded-redeemed-25-bitcoin-btc-2011-ms63-pcgs-/a/3118-32013.s?ic16=ViewItem-BrowseTabs-Inventory-BuyNowFromOwner-ThisAuction-120115
2012 Mule Bitnickel,2012,PCGS,MS64,https://www.pcgs.com/cert/49743471,"Aug 15, 2024","$2,160.00",https://coins.ha.com/itm/cryptocurrency/casascius-nickel-unloaded-unfunded-bitnickel-5-bitcoin-btc-2012-ms64-pcgs-/a/3118-32016.s?ic16=ViewItem-BrowseTabs-Inventory-BuyNowFromOwner-ThisAuction-120115
2factor 1AuHc241cAwfLQ7u,2012,NGC,PF68UCAM,https://www.ngccoin.com/certlookup/8209231-003/68/,"Aug 15, 2024","$55,200.00",https://coins.ha.com/itm/cryptocurrency/casascius-gold-unloaded-unfunded-gold-cas-1000-bitcoin-btc-2012-pr68-ultra-cameo-ngc-/a/3118-32017.s?ic16=ViewItem-BrowseTabs-Auction-Archive-ThisAuction-120115
1AgyzVmdpfHmWMxh3dRrKe4X73uQZ1SydA,2013,NGC,PF69UCAM,https://www.ngccoin.com/certlookup/8209222-005/69/,"Aug 15, 2024","$14,400.00",https://coins.ha.com/itm/cryptocurrency/casascius-silver-proof-loaded-unredeemed-01-bitcoin-btc-2013-pr69-ultra-cameo-ngc-/a/3118-32018.s?ic16=ViewItem-BrowseTabs-Auction-Archive-ThisAuction-120115
1Agy2FRJ5eY5rFUUcBEZjqzVdF36QnA4SG,2013,PCGS,PR68DCAM,https://www.pcgs.com/cert/49748532,"Aug 15, 2024","$10,800.00",https://coins.ha.com/itm/cryptocurrency/casascius-silver-proof-loaded-unredeemed-01-bitcoin-btc-2013-pr68-deep-cameo-pcgs-/a/3118-32019.s?ic16=ViewItem-BrowseTabs-Inventory-BuyNowFromOwner-ThisAuction-120115
1AgyyPm3ZbW3bu8EgNBr4G1rmT5vP9966L,2013,PCGS,PR67DCAM,https://www.pcgs.com/cert/49748535,"Aug 15, 2024","$10,200.00",https://coins.ha.com/itm/cryptocurrency/casascius-silver-proof-loaded-unredeemed-01-bitcoin-btc-2013-pr67-deep-cameo-pcgs-/a/3118-32020.s?ic16=ViewItem-BrowseTabs-Auction-Archive-ThisAuction-120115
1AgMX8KbtkjrTu5KPKKBpvnY873dTzSHM8,2013,NGC,PF69UCAM,https://www.ngccoin.com/certlookup/8209222-002/69/,"Aug 15, 2024","$36,000.00",https://coins.ha.com/itm/cryptocurrency/casascius-silver-proof-loaded-unredeemed-05-bitcoin-btc-2013-pr69-ultra-cameo-ngc-/a/3118-32021.s?ic16=ViewItem-BrowseTabs-Inventory-BuyNowFromOwner-ThisAuction-120115
1AgQtm5Rp2g8b4Wr9j2Gb3KafAY6k7EwuG,2013,PCGS,PR68DCAM,https://www.pcgs.com/cert/49748531,"Aug 15, 2024","$31,200.00",https://coins.ha.com/itm/cryptocurrency/casascius-silver-proof-loaded-unredeemed-05-bitcoin-btc-2013-pr68-deep-cameo-pcgs-/a/3118-32022.s?ic16=ViewItem-BrowseTabs-Inventory-BuyNowFromOwner-ThisAuction-120115
1Agk99qwWkC4eFvB9VWYz86NYbWmE4wGtL,2013,NGC,PF69UCAM,https://www.ngccoin.com/certlookup/8209223-002/69/,"Aug 15, 2024","$66,000.00",https://coins.ha.com/itm/cryptocurrency/casascius-silver-proof-loaded-unredeemed-1-bitcoin-btc-2013-pr69-ultra-cameo-ngc-/a/3118-32023.s?ic16=ViewItem-BrowseTabs-Inventory-BuyNowFromOwner-ThisAuction-120115
1Agsmd1mnJo3tQC5AYKfZdRC79LfWS7YTL,2013,NGC,PF68UCAM,https://www.ngccoin.com/certlookup/8209223-003/68/,"Aug 15, 2024","$60,000.00",https://coins.ha.com/itm/cryptocurrency/casascius-silver-proof-loaded-unredeemed-1-bitcoin-btc-2013-pr68-ultra-cameo-ngc-/a/3118-32024.s?ic16=ViewItem-BrowseTabs-Inventory-BuyNowFromOwner-ThisAuction-120115
1Ag1kGst7Zwdk9vLYMHSgkDtC4dZc5bNo8,2013,PCGS,PR66DCAM,https://www.pcgs.com/cert/49748529,"Aug 15, 2024","$66,000.00",https://coins.ha.com/itm/cryptocurrency/casascius-silver-proof-loaded-unredeemed-1-bitcoin-btc-2013-pr66-deep-cameo-pcgs-/a/3118-32025.s?ic16=ViewItem-BrowseTabs-Inventory-BuyNowFromOwner-ThisAuction-120115
124boFgH3pdTyLoyyaUXZ7fMjZKxiubwyf,2013,NGC,MS66,https://www.ngccoin.com/certlookup/6833758-242/66/,"Aug 15, 2024","$31,200.00",https://coins.ha.com/itm/cryptocurrency/casascius-brass-loaded-unredeemed-05-bitcoin-btc-2013-ms66-ngc-/a/3118-32026.s?ic16=ViewItem-BrowseTabs-Inventory-BuyNowFromOwner-ThisAuction-120115
1248ut4ZMHZrsprtG3Cy4fz18WLoYunP1N,2013,NGC,MS65,https://www.ngccoin.com/certlookup/6842231-004/65/,"Aug 15, 2024","$31,200.00",https://coins.ha.com/itm/cryptocurrency/casascius-brass-loaded-unredeemed-05-bitcoin-btc-2013-ms65-ngc-/a/3118-32027.s?ic16=ViewItem-BrowseTabs-Inventory-BuyNowFromOwner-ThisAuction-120115
13A6aEmfTchDmaToVg6Wd2XA6F9cBMKvme,2013,PCGS,MS67+,https://www.pcgs.com/cert/49747620,"Aug 15, 2024","$66,000.00",https://coins.ha.com/itm/cryptocurrency/casascius-brass-loaded-unredeemed-1-bitcoin-btc-2013-ms67-pcgs-/a/3118-32028.s?ic16=ViewItem-BrowseTabs-Inventory-BuyNowFromOwner-ThisAuction-120115
138cgNxDDmjwyXBLpvcMfZXjBfrByTmZ44,2013,NGC,MS67,https://www.ngccoin.com/certlookup/6842226-002/67/,"Aug 15, 2024","$66,000.00",https://coins.ha.com/itm/cryptocurrency/casascius-brass-loaded-unredeemed-1-bitcoin-btc-2013-ms67-ngc-/a/3118-32029.s?ic16=ViewItem-BrowseTabs-Inventory-BuyNowFromOwner-ThisAuction-120115
13C7soAzmpLURhUXU7yRPMyAeBRjefTQ8e,2013,PCGS,MS68,https://www.pcgs.com/cert/49743694,"Aug 15, 2024","$1,170.00",https://coins.ha.com/itm/cryptocurrency/casascius-brass-unloaded-redeemed-1-bitcoin-btc-2013-ms68-pcgs-/a/3118-32031.s?ic16=ViewItem-BrowseTabs-Inventory-BuyNowFromOwner-ThisAuction-120115
13CvZNP2LD65YaRm2ZEamrnmJNZeupTvH2,2013,NGC,MS67,https://www.ngccoin.com/certlookup/8209191-018/67/,"Aug 15, 2024",$870.00,https://coins.ha.com/itm/cryptocurrency/casascius-brass-unloaded-redeemed-1-bitcoin-btc-2013-ms67-ngc-/a/3118-32032.s?ic16=ViewItem-BrowseTabs-Auction-Archive-ThisAuction-120115
13C4RAKwBHpPdB1fP5uQKeaTrnnmAPfoqm,2013,NGC,MS66,https://www.ngccoin.com/certlookup/8209191-017/66/,"Aug 15, 2024",$720.00,https://coins.ha.com/itm/cryptocurrency/casascius-brass-unloaded-redeemed-1-bitcoin-btc-2013-ms66-ngc-/a/3118-32033.s?ic16=ViewItem-BrowseTabs-Auction-Archive-ThisAuction-120115
13CKembnnG1JR84RnnQKLKGGTEsyReMYHp,2013,NGC,MS65,https://www.ngccoin.com/certlookup/8209191-019/65/,"Aug 15, 2024",$432.00,https://coins.ha.com/itm/cryptocurrency/casascius-brass-unloaded-redeemed-1-bitcoin-btc-2013-ms65-ngc-/a/3118-32034.s?ic16=ViewItem-BrowseTabs-Inventory-BuyNowFromOwner-ThisAuction-120115
13C7f877BR4SKE6Xm9kKbunZtHC7g5wHdW,2013,NGC,MS64,https://www.ngccoin.com/certlookup/8209191-016/64/,"Aug 15, 2024",$492.00,https://coins.ha.com/itm/cryptocurrency/casascius-brass-unloaded-redeemed-1-bitcoin-btc-2013-ms64-ngc-/a/3118-32035.s?ic16=ViewItem-BrowseTabs-Auction-Archive-ThisAuction-120115
13CAvTVRC9N6pEc1xfV4EgmS76PtS9dwih,2013,PCGS,MS67,https://www.pcgs.com/cert/45073790,"Aug 15, 2023","$33,600.00",https://coins.ha.com/itm/world-coins-and-currency/2013-casascius-1-bitcoin-btc-brass-loaded-unredeemed-firstbits-13cavtvr-series-2-ms67-pcgs-pcgs-/a/1364-3324.s?ic4=ListView-ShortDescription-071515
1CAmEH5JsdE3Nia1T1qGogvnJg2FeMLzNq,2011,PCGS,MS66,https://www.pcgs.com/cert/56909098,"Apr 30, 2026","$118,950.00",https://coins.ha.com/itm/cryptocurrency/casascius-brass-loaded-unredeemed-1-bitcoin-btc-2011-ms66-pcgs-/a/3132-33053.s?ic16=ViewItem-BrowseTabs-Inventory-BuyNowFromOwner-ThisAuction-120115
1Cs32ojpqdaL7aD2w94XHkeXTnwLykfSWw,2012,PCGS,MS60,https://www.pcgs.com/cert/47560376,"Apr 30, 2026","$103,700.00",https://coins.ha.com/itm/cryptocurrency/casascius-brass-loaded-unredeemed-1-bitcoin-btc-2012-ms60-pcgs-/a/3132-33054.s?ic16=ViewItem-BrowseTabs-Inventory-BuyNowFromOwner-ThisAuction-120115
1241ZPxyrT6NoA8K1i1s3hfr6B3WqLCtXX,2013,PCGS,MS63,https://www.pcgs.com/cert/46878498,"Apr 30, 2026","$46,360.00",https://coins.ha.com/itm/cryptocurrency/casascius-brass-loaded-unredeemed-05-bitcoin-btc-2013-ms63-pcgs-/a/3132-33055.s?ic16=ViewItem-BrowseTabs-Inventory-BuyNowFromOwner-ThisAuction-120115