date,BTC,XAU
2022-08-05,23248.453926,1779.57
2022-08-06,22968.076009,1779.57
2022-08-07,23172.967969,1779.57
2022-08-08,23801.349751,1777.06
2022-08-09,23173.138372,1784.67
2022-08-10,23933.801913,1787.99
2022-08-11,23958.282429,1798.81
2022-08-12,24404.616072,1792.31
2022-08-13,24431.268671,1792.31
2022-08-14,24325.840524,1792.31
2022-08-15,24147.307825,1789.3
2022-08-16,23892.48444,1775.45
2022-08-17,23318.944335,1777.17
2022-08-18,23217.331295,1768.11
2022-08-19,20882.650707,1762.25
2022-08-20,21169.076672,1762.25
2022-08-21,21541.531833,1762.25
2022-08-22,21371.395263,1748.13
2022-08-23,21526.166496,1736.77
2022-08-24,21399.625379,1741.14
2022-08-25,21604.064567,1750.71
2022-08-26,20233.205291,1753.39
2022-08-27,20059.369459,1753.39
2022-08-28,19649.719186,1753.39
2022-08-29,20284.900681,1743.72
2022-08-30,19790.327949,1747.95
2022-08-31,20044.007643,1733.54
2022-09-01,20114.411404,1724.86
2022-09-02,19945.951742,1702.19
2022-09-03,19815.049541,1702.19
2022-09-04,19978.80666,1702.19
2022-09-05,19832.617273,1707.24
2022-09-06,18849.675356,1713.03
2022-09-07,19290.038204,1706.69
2022-09-08,19328.261131,1709.08
2022-09-09,21366.2315,1717.04
2022-09-10,21678.075435,1717.04
2022-09-11,21766.327417,1717.04
2022-09-12,22334.582423,1721.52
2022-09-13,20189.698956,1724.2
2022-09-14,20253.946039,1710.87
2022-09-15,19713.198531,1705.28
2022-09-16,19755.130499,1687.48
2022-09-17,20132.063026,1687.48
2022-09-18,19415.187723,1687.48
2022-09-19,19562.55263,1670.47
2022-09-20,18883.718623,1665.29
2022-09-21,18536.02713,1661.61
2022-09-22,19419.039989,1667.64
2022-09-23,19305.217722,1667.02
2022-09-24,18945.014358,1667.02
2022-09-25,18794.861262,1667.02
2022-09-26,19204.721621,1647.81
2022-09-27,19114.073279,1642.28
2022-09-28,19429.814118,1630.58
2022-09-29,19542.477991,1640.93
2022-09-30,19451.411178,1654.17
2022-10-01,19309.761424,1654.17
2022-10-02,19047.293138,1654.17
2022-10-03,19623.384251,1664.92
2022-10-04,20336.305252,1679.18
2022-10-05,20166.131877,1696.13
2022-10-06,19952.078906,1704.11
2022-10-07,19545.950949,1707.73
2022-10-08,19412.584278,1707.73
2022-10-09,19443.801797,1707.73
2022-10-10,19141.061494,1694.65
2022-10-11,19049.863258,1683.75
2022-10-12,19157.540766,1671.76
2022-10-13,19385.411267,1669.72
2022-10-14,19186.282344,1662.47
2022-10-15,19066.577628,1662.47
2022-10-16,19266.889584,1662.47
2022-10-17,19552.725505,1656.99
2022-10-18,19338.522771,1660.35
2022-10-19,19137.395192,1651.3
2022-10-20,19050.922967,1639.04
2022-10-21,19175.577944,1634.33
2022-10-22,19207.513247,1634.33
2022-10-23,19569.500492,1634.33
2022-10-24,19342.950498,1640.2
2022-10-25,20100.359605,1643.63
2022-10-26,20777.237875,1660.14
2022-10-27,20285.275882,1662.73
2022-10-28,20601.858818,1659.69
2022-10-29,20817.570634,1659.69
2022-10-30,20632.632177,1659.69
2022-10-31,20499.21977,1650.49
2022-11-01,20481.880369,1645
2022-11-02,20162.893236,1645.32
2022-11-03,20204.764508,1641.15
2022-11-04,21149.027552,1640.53
2022-11-05,21276.101571,1640.53
2022-11-06,20932.956709,1640.53
2022-11-07,20593.726758,1668.02
2022-11-08,18534.268954,1671.58
2022-11-09,15863.344442,1682.86
2022-11-10,17571.845599,1695.84
2022-11-11,17008.584603,1726.86
2022-11-12,16798.105888,1726.86
2022-11-13,16346.559409,1726.86
2022-11-14,16634.915117,1762.3
2022-11-15,16867.778753,1768
2022-11-16,16663.078512,1771.84
2022-11-17,16686.215771,1770.35
2022-11-18,16695.351767,1767.37
2022-11-19,16717.710303,1767.37
2022-11-20,16287.915328,1767.37
2022-11-21,15797.530616,1748.78
2022-11-22,16178.883702,1748.42
2022-11-23,16622.307376,1743.86
2022-11-24,16589.331962,1746.28
2022-11-25,16526.63232,1749.49
2022-11-26,16470.6079,1749.49
2022-11-27,16449.99695,1749.49
2022-11-28,16221.619747,1756.6
2022-11-29,16447.883988,1749.32
2022-11-30,17178.315407,1754.69
2022-12-01,16962.986404,1756.51
2022-12-02,17076.298783,1786.52
2022-12-03,16915.710105,1786.52
2022-12-04,17137.597161,1786.52
2022-12-05,16974.70959,1789.3
2022-12-06,17085.275988,1782.3
2022-12-07,16850.772516,1778.45
2022-12-08,17243.517502,1778.69
2022-12-09,17137.659172,1788.44
2022-12-10,17124.015478,1788.44
2022-12-11,17102.839395,1788.44
2022-12-12,17211.814017,1792.82
2022-12-13,17783.960093,1790.53
2022-12-14,17827.323893,1807.02
2022-12-15,17371.062382,1800.37
2022-12-16,16626.23634,1789.18
2022-12-17,16800.229946,1789.18
2022-12-18,16777.875947,1789.18
2022-12-19,16450.954176,1788.92
2022-12-20,16899.816543,1793.44
2022-12-21,16810.931354,1805.33
2022-12-22,16829.605383,1815.87
2022-12-23,16795.752196,1808.03
2022-12-24,16850.464097,1808.03
2022-12-25,16838.620225,1808.03
2022-12-26,16892.583089,1804.35
2022-12-27,16711.687128,1801.58
2022-12-28,16547.56687,1798.7
2022-12-29,16633.730497,1802.51
2022-12-30,16605.922436,1809.85
2022-12-31,16553.336987,1809.85
2023-01-01,16620.819927,1809.85
2023-01-02,16693.930009,1814.88
2023-01-03,16682.715885,1811.61
2023-01-04,16865.159755,1841.48
2023-01-05,16841.821596,1850.61
2023-01-06,16961.057411,1846.59
2023-01-07,16950.888236,1846.59
2023-01-08,17057.224458,1846.59
2023-01-09,17190.709689,1852.38
2023-01-10,17437.10715,1867.48
2023-01-11,17915.652515,1878.21
2023-01-12,18869.857176,1877.32
2023-01-13,19865.273583,1887.68
2023-01-14,21020.721551,1887.68
2023-01-15,20873.35288,1887.68
2023-01-16,21171.400109,1900.48
2023-01-17,21187.135558,1911.39
2023-01-18,20722.718085,1914.35
2023-01-19,21067.802828,1913.23
2023-01-20,22664.235985,1917.7
2023-01-21,22795.682535,1917.7
2023-01-22,22715.780948,1917.7
2023-01-23,22954.110864,1925.24
2023-01-24,22625.995898,1921.09
2023-01-25,23149.551394,1924.96
2023-01-26,23023.944573,1929.83
2023-01-27,23071.79899,1931.94
2023-01-28,23015.46168,1931.94
2023-01-29,23773.985941,1931.94
2023-01-30,22813.379723,1928.29
2023-01-31,23137.161029,1920.24
2023-02-01,23711.527629,1923.76
2023-02-02,23494.436389,1930.41
2023-02-03,23459.953588,1925.56
2023-02-04,23318.747995,1925.56
2023-02-05,22965.072231,1925.56
2023-02-06,22768.971774,1890.29
2023-02-07,23273.984336,1875.82
2023-02-08,22945.945607,1875.09
2023-02-09,21835.070474,1876.43
2023-02-10,21641.692813,1872.45
2023-02-11,21871.615072,1872.45
2023-02-12,21768.024951,1872.45
2023-02-13,21816.496992,1862.28
2023-02-14,22226.895796,1862.26
2023-02-15,24295.782327,1856.78
2023-02-16,23657.250699,1841.62
2023-02-17,24577.916548,1829.3
2023-02-18,24636.182657,1829.3
2023-02-19,24359.163469,1829.3
2023-02-20,24801.825404,1838.34
2023-02-21,24412.776676,1837.6
2023-02-22,24190.500795,1837.36
2023-02-23,23946.336654,1833.6
2023-02-24,23203.825405,1829.11
2023-02-25,23169.27308,1829.11
2023-02-26,23540.451272,1829.11
2023-02-27,23519.863979,1814.86
2023-02-28,23159.353804,1816.9
2023-03-01,23652.749774,1822.28
2023-03-02,23479.321887,1832.08
2023-03-03,22359.21721,1835.42
2023-03-04,22347.343924,1835.42
2023-03-05,22442.474539,1835.42
2023-03-06,22428.676394,1842.55
2023-03-07,22221.313227,1848.83
2023-03-08,21723.276831,1829.39
2023-03-09,20370.746611,1825.57
2023-03-10,20176.787646,1824.75
2023-03-11,20663.897191,1824.75
2023-03-12,22123.742227,1824.75
2023-03-13,24156.667897,1854.54
2023-03-14,24781.78528,1887.31
2023-03-15,24377.29401,1902.87
2023-03-16,25050.149261,1916
2023-03-17,27399.951853,1922.88
2023-03-18,26954.365598,1922.88
2023-03-19,28101.015276,1922.88
2023-03-20,27716.685964,1954.08
2023-03-21,28151.325121,1965.19
2023-03-22,27328.397631,1962.04
2023-03-23,28335.162072,1959.15
2023-03-24,27446.942554,1962.89
2023-03-25,27488.802455,1962.89
2023-03-26,28013.827723,1962.89
2023-03-27,27158.499302,1986.4
2023-03-28,27270.262933,1966.32
2023-03-29,28349.632751,1959.77
2023-03-30,28021.210388,1964.33
2023-03-31,28479.228719,1969.41
2023-04-01,28473.568378,1969.41
2023-04-02,28194.102232,1969.41
2023-04-03,27767.637852,1972.29
2023-04-04,28167.697404,1983.33
2023-04-05,28173.736292,1995.85
2023-04-06,28041.197531,2013.67
2023-04-07,27924.680589,2014.79
2023-04-08,27942.767666,2014.79
2023-04-09,28340.416854,2014.79
2023-04-10,29628.544376,2005.59
2023-04-11,30254.021967,2004.75
2023-04-12,29887.199959,2007.67
2023-04-13,30391.673896,2012.96
2023-04-14,30476.951739,2030.02
2023-04-15,30311.345452,2030.02
2023-04-16,30307.756522,2030.02
2023-04-17,29459.379649,2017.59
2023-04-18,30374.505587,2008.73
2023-04-19,28787.576275,1996.23
2023-04-20,28262.494091,1993.33
2023-04-21,27284.581689,1994.85
2023-04-22,27809.963009,1994.85
2023-04-23,27598.759709,1994.85
2023-04-24,27524.767021,1981.67
2023-04-25,28336.03797,1984.76
2023-04-26,28377.978077,1986.57
2023-04-27,29474.465532,1996.39
2023-04-28,29357.334314,1990.55
2023-04-29,29231.586578,1990.55
2023-04-30,29325.839943,1990.55
2023-05-01,28095.041916,1991.11
2023-05-02,28648.368858,1986.52
2023-05-03,29007.545886,1992.85
2023-05-04,28844.323017,2011.84
2023-05-05,29524.60926,2032.93
2023-05-06,28917.360787,2032.93
2023-05-07,28441.368038,2032.93
2023-05-08,27716.367263,2017.55
2023-05-09,27652.94663,2014.12
2023-05-10,27611.858127,2032.15
2023-05-11,27002.493,2032.07
2023-05-12,26817.235477,2021.04
2023-05-13,26803.493663,2021.04
2023-05-14,26916.442275,2021.04
2023-05-15,27197.153593,2018.66
2023-05-16,27028.621511,2016.94
2023-05-17,27402.01958,2004.52
2023-05-18,26834.612749,1985.07
2023-05-19,26876.996321,1969.53
2023-05-20,27123.230258,1969.53
2023-05-21,26754.833172,1969.53
2023-05-22,26854.945819,1970.25
2023-05-23,27222.424868,1968.46
2023-05-24,26342.006519,1971.35
2023-05-25,26477.097203,1965.33
2023-05-26,26719.116548,1958.37
2023-05-27,26868.228411,1958.37
2023-05-28,28107.055012,1958.37
2023-05-29,27753.183409,1950.32
2023-05-30,27705.13799,1948.76
2023-05-31,27228.568805,1951.42
2023-06-01,26816.713028,1960.51
2023-06-02,27247.550685,1973.05
2023-06-03,27066.749514,1973.05
2023-06-04,27100.672535,1973.05
2023-06-05,25770.957102,1963.35
2023-06-06,27208.730403,1960.95
2023-06-07,26354.280005,1957.94
2023-06-08,26518.652025,1958.93
2023-06-09,26488.608962,1964.78
2023-06-10,25862.006391,1964.78
2023-06-11,25917.197734,1964.78
2023-06-12,25898.422982,1963.34
2023-06-13,25897.153586,1956.83
2023-06-14,25122.96256,1957.3
2023-06-15,25565.913417,1953.23
2023-06-16,26322.863966,1954.64
2023-06-17,26517.594549,1954.64
2023-06-18,26325.890181,1954.64
2023-06-19,26783.247197,1954.68
2023-06-20,28363.135028,1955.47
2023-06-21,30038.519709,1941.57
2023-06-22,29915.440305,1935.68
2023-06-23,30622.933647,1920.03
2023-06-24,30542.424252,1920.03
2023-06-25,30464.376844,1920.03
2023-06-26,30286.019927,1929.74
2023-06-27,30725.454353,1926.83
2023-06-28,30091.639757,1918.32
2023-06-29,30458.250825,1911.1
2023-06-30,30490.791515,1903.5
2023-07-01,30586.162609,1903.5
2023-07-02,30622.236997,1903.5
2023-07-03,31152.713451,1912.69
2023-07-04,30791.354326,1919.87
2023-07-05,30501.977713,1923.07
2023-07-06,29995.789295,1922.73
2023-07-07,30321.164373,1918.95
2023-07-08,30270.047124,1918.95
2023-07-09,30177.561426,1918.95
2023-07-10,30399.567625,1926.2
2023-07-11,30625.232132,1926.18
2023-07-12,30386.184884,1931.46
2023-07-13,31454.385458,1950.21
2023-07-14,30326.141484,1954.36
2023-07-15,30291.108553,1954.36
2023-07-16,30232.865942,1954.36
2023-07-17,30160.647132,1956.91
2023-07-18,29854.161629,1956.31
2023-07-19,29928.062634,1964.59
2023-07-20,29795.750933,1972.97
2023-07-21,29918.062245,1972.75
2023-07-22,29748.925991,1972.75
2023-07-23,30058.581256,1972.75
2023-07-24,29181.392799,1964.72
2023-07-25,29242.270072,1963.04
2023-07-26,29339.228374,1963.35
2023-07-27,29204.350222,1968.83
2023-07-28,29320.936348,1954.4
2023-07-29,29359.272681,1954.4
2023-07-30,29275.109106,1954.4
2023-07-31,29229.676628,1963.12
2023-08-01,29668.578114,1958.16
2023-08-02,29150.1782,1951.96
2023-08-03,29175.816356,1944.06
2023-08-04,29074.552548,1940.52
2023-08-05,29045.616254,1940.52
2023-08-06,29042.048021,1940.52
2023-08-07,29179.454873,1940.45
2023-08-08,29763.239719,1934.54
2023-08-09,29578.604735,1928.09
2023-08-10,29437.842638,1925.97
2023-08-11,29401.402859,1922.34
2023-08-12,29416.320952,1922.34
2023-08-13,29283.433076,1922.34
2023-08-14,29412.662963,1916.66
2023-08-15,29168.93931,1912.9
2023-08-16,28716.955676,1903.41
2023-08-17,26641.149018,1900.45
2023-08-18,26047.655702,1897.65
2023-08-19,26087.668151,1897.65
2023-08-20,26188.294015,1897.65
2023-08-21,26119.6866,1894.31
2023-08-22,26023.458489,1894.94
2023-08-23,26424.425885,1891.11
2023-08-24,26139.040095,1910.52
2023-08-25,26051.027696,1912.91
2023-08-26,26006.671536,1912.91
2023-08-27,26087.225224,1912.91
2023-08-28,26108.558275,1916.92
2023-08-29,27722.857151,1917.63
2023-08-30,27301.802993,1926.09
2023-08-31,25929.827363,1938.5
2023-09-01,25802.677581,1939.41
2023-09-02,25862.66214,1939.41
2023-09-03,25971.119277,1939.41
2023-09-04,25818.200417,1941.45
2023-09-05,25776.093195,1936.39
2023-09-06,25755.844926,1929.17
2023-09-07,26215.697676,1916.9
2023-09-08,25903.455817,1921.05
2023-09-09,25894.371679,1921.05
2023-09-10,25841.891537,1921.05
2023-09-11,25131.853611,1923.76
2023-09-12,25851.238275,1919.95
2023-09-13,26230.411296,1919.08
2023-09-14,26536.082208,1913.09
2023-09-15,26647.22341,1907.07
2023-09-16,26560.681826,1907.07
2023-09-17,26527.935574,1907.07
2023-09-18,26750.830659,1920.77
2023-09-19,27225.165288,1925.97
2023-09-20,27130.319894,1930.62
2023-09-21,26565.444331,1935.13
2023-09-22,26580.948241,1925.58
2023-09-23,26579.711861,1925.58
2023-09-24,26251.940001,1925.58
2023-09-25,26301.847809,1926.04
2023-09-26,26207.09884,1921.18
2023-09-27,26351.9238,1910.34
2023-09-28,27020.02012,1890.71
2023-09-29,26918.047259,1882.49
2023-09-30,26969.662422,1882.49
2023-10-01,27971.72008,1882.49
2023-10-02,27615.810922,1868.11
2023-10-03,27442.048464,1842.51
2023-10-04,27793.835596,1825.59
2023-10-05,27435.137845,1825.46
2023-10-06,27945.923372,1821.88
2023-10-07,27972.861683,1821.88
2023-10-08,27946.940819,1821.88
2023-10-09,27589.872528,1828.22
2023-10-10,27391.340516,1843.31
2023-10-11,26839.463457,1859.31
2023-10-12,26740.622279,1868.09
2023-10-13,26846.408961,1873.76
2023-10-14,26863.172256,1873.76
2023-10-15,27147.722757,1873.76
2023-10-16,28525.712166,1907.24
2023-10-17,28418.949445,1914.57
2023-10-18,28329.060956,1926.85
2023-10-19,28706.16283,1941.25
2023-10-20,29681.531002,1956.94
2023-10-21,29910.698212,1956.94
2023-10-22,29976.481409,1956.94
2023-10-23,32960.90313,1977.84
2023-10-24,33832.921568,1978.58
2023-10-25,34470.461306,1966.09
2023-10-26,34168.19923,1976.15
2023-10-27,33916.764237,1980.14
2023-10-28,34097.52909,1980.14
2023-10-29,34551.365039,1980.14
2023-10-30,34497.303705,1989
2023-10-31,34653.684273,1996.41
2023-11-01,35421.130904,1993.85
2023-11-02,34934.741682,1988.17
2023-11-03,34740.117331,1986.37
2023-11-04,35070.047846,1986.37
2023-11-05,35053.760456,1986.37
2023-11-06,35032.645321,1995.81
2023-11-07,35448.280668,1980.36
2023-11-08,35708.936576,1967.62
2023-11-09,36718.299966,1961.89
2023-11-10,37327.714007,1956.23
2023-11-11,37128.810888,1956.23
2023-11-12,37057.800076,1956.23
2023-11-13,36534.633241,1942.66
2023-11-14,35534.117233,1942.05
2023-11-15,37964.892832,1959.95
2023-11-16,36208.800737,1961.79
2023-11-17,36549.850591,1975.23
2023-11-18,36580.419891,1975.23
2023-11-19,37420.244009,1975.23
2023-11-20,37485.769025,1982.45
2023-11-21,35969.247178,1979.23
2023-11-22,37459.031581,1988.62
2023-11-23,37289.776506,1999.28
2023-11-24,37727.337028,1994.06
2023-11-25,37803.473211,1994.06
2023-11-26,37484.803555,1994.06
2023-11-27,37269.400987,2004.21
2023-11-28,37793.216542,2008.67
2023-11-29,37827.18415,2023.81
2023-11-30,37714.610323,2031.51
2023-12-01,38670.530358,2037.76
2023-12-02,39476.8593,2037.76
2023-12-03,39944.909052,2037.76
2023-12-04,41968.899577,2046.96
2023-12-05,44139.714609,2046.6
2023-12-06,43728.436863,2032.54
2023-12-07,43268.438483,2026.68
2023-12-08,44191.714004,2027.37
2023-12-09,43723.692237,2027.37
2023-12-10,43764.581031,2027.37
2023-12-11,41195.1155,2013.06
2023-12-12,41507.450693,1999.56
2023-12-13,42910.626994,1985.63
2023-12-14,43038.879007,1996.82
2023-12-15,41949.327301,2023.87
2023-12-16,42222.38285,2023.87
2023-12-17,41413.098228,2023.87
2023-12-18,42679.421541,2028.92
2023-12-19,42266.919591,2029
2023-12-20,43629.831486,2032.85
2023-12-21,43879.587484,2033.4
2023-12-22,44026.901283,2044.14
2023-12-23,43751.546443,2044.14
2023-12-24,43047.906845,2044.14
2023-12-25,43624.103316,2046.42
2023-12-26,42529.022984,2043.3
2023-12-27,43414.953128,2057.13
2023-12-28,42624.576667,2067.09
2023-12-29,42077.030527,2068.99
2023-12-30,42215.290922,2068.99
2023-12-31,42225.169798,2068.99
2024-01-01,44152.226904,2063.52
2024-01-02,44977.038091,2076.74
2024-01-03,42830.904205,2059.03
2024-01-04,44230.162584,2052.63
2024-01-05,44144.451255,2041.74
2024-01-06,43951.963064,2041.74
2024-01-07,43903.649415,2041.74
2024-01-08,46944.001217,2047.25
2024-01-09,46088.41879,2033.94
2024-01-10,46608.189808,2032.07
2024-01-11,46393.100147,2031.49
2024-01-12,42897.85848,2032.36
2024-01-13,42838.73597,2032.36
2024-01-14,41769.439337,2032.36
2024-01-15,42582.921531,2046.57
2024-01-16,43152.493427,2044.7
2024-01-17,42730.926233,2039.91
2024-01-18,41261.242495,2023.37
2024-01-19,41609.562508,2019.85
2024-01-20,41648.718646,2019.85
2024-01-21,41535.759163,2019.85
2024-01-22,39450.401871,2028.52
2024-01-23,39827.349396,2024.62
2024-01-24,40110.380622,2023.27
2024-01-25,39928.144677,2024.58
2024-01-26,41874.343935,2021.62
2024-01-27,42115.223479,2021.62
2024-01-28,42023.437202,2021.62
2024-01-29,43260.518365,2021.29
2024-01-30,42911.953178,2024.93
2024-01-31,42585.025067,2036.22
2024-02-01,43049.0605,2043.94
2024-02-02,43163.942722,2048.64
2024-02-03,42978.428126,2048.64
2024-02-04,42597.652842,2048.64
2024-02-05,42660.522234,2030.9
2024-02-06,43100.801834,2026.57
2024-02-07,44243.073358,2028.43
2024-02-08,45330.381519,2035.43
2024-02-09,47132.700228,2033.15
2024-02-10,47778.303041,2033.15
2024-02-11,48254.944091,2033.15
2024-02-12,49971.508918,2025.82
2024-02-13,49757.699652,2022.8
2024-02-14,51819.514619,2004.3
2024-02-15,51932.744115,1997.36
2024-02-16,52182.305236,1999.62
2024-02-17,51665.384784,1999.62
2024-02-18,52122.545456,1999.62
2024-02-19,51770.634617,2004.11
2024-02-20,52300.933746,2015.71
2024-02-21,51847.058287,2025.48
2024-02-22,51321.394588,2029.43
2024-02-23,50723.747763,2023.6
2024-02-24,51569.852897,2023.6
2024-02-25,51730.165712,2023.6
2024-02-26,54521.831888,2032.08
2024-02-27,57040.002845,2029.2
2024-02-28,62547.681203,2030.9
2024-02-29,61296.287839,2033.77
2024-03-01,62486.389133,2038.53
2024-03-02,62022.128077,2038.53
2024-03-03,63119.390901,2038.53
2024-03-04,68365.426391,2054.7
2024-03-05,63889.518427,2083.32
2024-03-06,66125.977168,2118.17
2024-03-07,66996.435507,2140.96
2024-03-08,68350.044131,2150.65
2024-03-09,68511.187076,2150.65
2024-03-10,68989.041039,2150.65
2024-03-11,72106.091909,2164.24
2024-03-12,71455.535106,2176.68
2024-03-13,73104.502276,2168.56
2024-03-14,71401.280954,2168.89
2024-03-15,69522.728204,2161.99
2024-03-16,65222.440866,2161.99
2024-03-17,68550.551861,2161.99
2024-03-18,67725.646083,2161.61
2024-03-19,61860.497273,2157.41
2024-03-20,67880.972124,2155.55
2024-03-21,65471.572578,2168.17
2024-03-22,63582.344462,2166.52
2024-03-23,64015.462396,2166.52
2024-03-24,67255.203351,2166.52
2024-03-25,69962.14172,2180.5
2024-03-26,70007.286415,2177.95
2024-03-27,69478.689643,2179.26
2024-03-28,70747.304768,2190.96
2024-03-29,69898.048504,2211.68
2024-03-30,69661.229721,2211.68
2024-03-31,71354.850875,2211.68
2024-04-01,69704.088854,2221.44
2024-04-02,65458.848233,2224.94
2024-04-03,66041.846383,2248.14
2024-04-04,68539.456021,2279.06
2024-04-05,67887.107001,2286.13
2024-04-06,68960.285355,2286.13
2024-04-07,69374.900421,2286.13
2024-04-08,71634.15423,2303.56
2024-04-09,69148.722511,2324.41
2024-04-10,70514.283711,2344.9
2024-04-11,70090.100109,2339.55
2024-04-12,67246.181174,2348.38
2024-04-13,64459.339492,2348.38
2024-04-14,65771.225286,2348.38
2024-04-15,63488.451171,2372.64
2024-04-16,63749.047517,2363.84
2024-04-17,61331.680336,2365.3
2024-04-18,63521.500029,2382.89
2024-04-19,64013.44065,2384.46
2024-04-20,64900.550339,2384.46
2024-04-21,64949.460716,2384.46
2024-04-22,66857.535656,2377.14
2024-04-23,66403.148433,2343.72
2024-04-24,64267.784807,2330.56
2024-04-25,64509.800339,2319.44
2024-04-26,63787.119463,2325.04
2024-04-27,63486.509333,2325.04
2024-04-28,63054.539107,2325.04
2024-04-29,63830.831449,2338.8
2024-04-30,60734.713016,2333.9
2024-05-01,58295.176161,2331.32
2024-05-02,59132.399075,2306.04
2024-05-03,62880.931695,2294.64
2024-05-04,63892.454987,2294.64
2024-05-05,64044.047456,2294.64
2024-05-06,63165.907485,2297.59
2024-05-07,62364.820729,2304.04
2024-05-08,61158.576472,2308.35
2024-05-09,63046.764715,2311.81
2024-05-10,60784.670968,2333.14
2024-05-11,60777.849158,2333.14
2024-05-12,61478.163531,2333.14
2024-05-13,62894.269219,2354.46
2024-05-14,61574.305733,2344.43
2024-05-15,66226.027145,2354.43
2024-05-16,65259.433106,2362.61
2024-05-17,67021.330358,2373.84
2024-05-18,66935.460939,2373.84
2024-05-19,66309.3438,2373.84
2024-05-20,71409.679687,2406.73
2024-05-21,70157.412846,2411.6
2024-05-22,69173.299542,2425.57
2024-05-23,67901.106807,2403.14
2024-05-24,68529.720235,2373.76
2024-05-25,69279.526371,2373.76
2024-05-26,68518.477305,2373.76
2024-05-27,69385.736726,2348.17
2024-05-28,68280.594264,2343.09
2024-05-29,67573.789721,2345.66
2024-05-30,68378.323206,2342.31
2024-05-31,67488.32417,2341.88
2024-06-01,67705.148716,2341.88
2024-06-02,67753.809857,2341.88
2024-06-03,68808.699597,2339.69
2024-06-04,70619.765948,2338.55
2024-06-05,71114.463471,2327.49
2024-06-06,70799.082714,2338.87
2024-06-07,69343.521761,2349.94
2024-06-08,69307.352328,2349.94
2024-06-09,69646.027402,2349.94
2024-06-10,69482.523408,2313.91
2024-06-11,67329.086021,2308.35
2024-06-12,68237.540744,2310.27
2024-06-13,66751.058481,2319.23
2024-06-14,66010.330755,2308.88
2024-06-15,66188.609834,2308.88
2024-06-16,66625.382525,2308.88
2024-06-17,66492.798179,2326.45
2024-06-18,65160.124154,2321.44
2024-06-19,64929.804503,2323.42
2024-06-20,64855.253992,2325.4
2024-06-21,64066.105162,2341.36
2024-06-22,64259.330125,2341.36
2024-06-23,63216.664244,2341.36
2024-06-24,60318.180447,2345.31
2024-06-25,61802.37023,2339.37
2024-06-26,60778.065318,2322.43
2024-06-27,61588.176996,2313.34
2024-06-28,60301.981895,2318.26
2024-06-29,60871.086844,2318.26
2024-06-30,62754.310361,2318.26
2024-07-01,62833.067067,2331.45
2024-07-02,62024.394515,2325.49
2024-07-03,60232.047441,2334.68
2024-07-04,57170.338249,2349.71
2024-07-05,56740.669008,2359.37
2024-07-06,58208.978539,2359.37
2024-07-07,55884.881453,2359.37
2024-07-08,56650.621172,2371.36
2024-07-09,58021.534038,2373.63
2024-07-10,57720.300811,2370.11
2024-07-11,57369.026214,2377.27
2024-07-12,57907.282728,2394.88
2024-07-13,59225.001227,2394.88
2024-07-14,60748.807824,2394.88
2024-07-15,64816.939932,2403.42
2024-07-16,65172.116485,2417.62
2024-07-17,64120.920263,2436.77
2024-07-18,63959.430048,2462.44
2024-07-19,66707.067809,2457.85
2024-07-20,67204.951483,2457.85
2024-07-21,68077.265888,2457.85
2024-07-22,67614.907435,2418.44
2024-07-23,65929.590898,2401.37
2024-07-24,65399.019273,2402.15
2024-07-25,65726.344773,2405.57
2024-07-26,67896.878742,2385.76
2024-07-27,68069.824578,2385.76
2024-07-28,68222.714915,2385.76
2024-07-29,66805.985476,2379.83
2024-07-30,66225.469619,2386.56
2024-07-31,64687.837443,2394.17
2024-08-01,65361.289857,2412.63
2024-08-02,61414.67039,2444.56
2024-08-03,60692.746551,2444.56
2024-08-04,58008.060487,2444.56
2024-08-05,54017.787525,2455.59
2024-08-06,56002.987864,2417.84
2024-08-07,55041.603924,2401.83
2024-08-08,61784.680767,2401.45
2024-08-09,60925.357311,2407.78
2024-08-10,60879.104779,2407.78
2024-08-11,58757.773429,2407.78
2024-08-12,59342.120679,2425.32
2024-08-13,60595.34819,2444.01
2024-08-14,58732.336576,2466.19
2024-08-15,57619.464987,2465.82
2024-08-16,58921.336082,2458.67
2024-08-17,59446.262451,2458.67
2024-08-18,58482.745317,2458.67
2024-08-19,59569.722949,2482.83
2024-08-20,59051.277487,2494.15
2024-08-21,61164.694417,2513.51
2024-08-22,60388.153392,2512.19
2024-08-23,64033.189958,2495.3
2024-08-24,64120.173233,2495.3
2024-08-25,64308.383166,2495.3
2024-08-26,62929.607863,2512.92
2024-08-27,59545.840535,2511.82
2024-08-28,59024.823039,2506.19
2024-08-29,59352.729033,2507.17
2024-08-30,59145.629965,2516.18
2024-08-31,58971.654336,2516.18
2024-09-01,57319.948544,2516.18
2024-09-02,59099.379977,2512.01
2024-09-03,57469.422699,2505.97
2024-09-04,57982.587216,2487.5
2024-09-05,56163.849478,2496.77
2024-09-06,53914.819857,2502.7
2024-09-07,54174.601216,2502.7
2024-09-08,54796.311071,2502.7
2024-09-09,57106.048847,2504.69
2024-09-10,57626.382941,2503.88
2024-09-11,57388.939783,2505.96
2024-09-12,58121.318256,2508.65
2024-09-13,60637.890309,2539.13
2024-09-14,60001.454415,2539.13
2024-09-15,59207.191102,2539.13
2024-09-16,58232.179746,2566.57
2024-09-17,60304.891284,2579.51
2024-09-18,61321.144119,2578.39
2024-09-19,62967.547023,2577.96
2024-09-20,63122.179999,2579.76
2024-09-21,63486.44222,2579.76
2024-09-22,63567.370107,2579.76
2024-09-23,63322.551391,2603.81
2024-09-24,64338.7125,2624.06
2024-09-25,63078.050802,2635.7
2024-09-26,65134.209238,2650.07
2024-09-27,65767.33705,2663.99
2024-09-28,65920.337168,2663.99
2024-09-29,65673.004639,2663.99
2024-09-30,63245.674886,2664.18
2024-10-01,60895.040343,2640.66
2024-10-02,60649.186895,2650.77
2024-10-03,60740.512269,2654.03
2024-10-04,62104.67428,2650.94
2024-10-05,62075.34385,2650.94
2024-10-06,62824.62369,2650.94
2024-10-07,62306.874634,2648.78
2024-10-08,62184.594129,2649.01
2024-10-09,60591.18579,2640.38
2024-10-10,60232.825863,2621.67
2024-10-11,62401.427159,2624.38
2024-10-12,63185.402646,2624.38
2024-10-13,62799.208259,2624.38
2024-10-14,66058.758966,2642.39
2024-10-15,67025.202753,2646.55
2024-10-16,67642.151748,2655.4
2024-10-17,67316.263289,2665.08
2024-10-18,68446.840035,2688.38
2024-10-19,68369.904705,2688.38
2024-10-20,68937.607737,2688.38
2024-10-21,67409.960193,2708.78
2024-10-22,67346.734061,2726
2024-10-23,66678.707063,2734.23
2024-10-24,68170.209843,2738.33
2024-10-25,66501.350956,2734.42
2024-10-26,67018.155085,2734.42
2024-10-27,67943.967599,2734.42
2024-10-28,69842.895178,2731.78
2024-10-29,72737.426648,2735.73
2024-10-30,72331.830933,2760.08
2024-10-31,70251.019662,2771.88
2024-11-01,69513.157898,2763.55
2024-11-02,69293.205142,2763.55
2024-11-03,68823.935851,2763.55
2024-11-04,67762.777628,2754.79
2024-11-05,69372.357109,2740.5
2024-11-06,75638.989665,2731.56
2024-11-07,75958.463481,2696.15
2024-11-08,76544.756701,2691.72
2024-11-09,76707.998061,2691.72
2024-11-10,80424.631817,2691.72
2024-11-11,88766.33588,2679.76
2024-11-12,88223.589204,2636.41
2024-11-13,90445.535275,2622.22
2024-11-14,87369.355205,2587.72
2024-11-15,90932.812634,2580.73
2024-11-16,90562.418907,2580.73
2024-11-17,89804.789421,2580.73
2024-11-18,90553.765774,2569.5
2024-11-19,92238.191622,2596.3
2024-11-20,94193.780834,2616.85
2024-11-21,98514.527411,2637.68
2024-11-22,98978.124016,2656.17
2024-11-23,97658.101583,2656.17
2024-11-24,97933.815574,2656.17
2024-11-25,93049.015938,2692.91
2024-11-26,91957.672323,2666.08
2024-11-27,95981.580554,2639.15
2024-11-28,95651.19645,2639.44
2024-11-29,97447.132368,2648.31
2024-11-30,96514.05271,2648.31
2024-12-01,97311.455238,2648.31
2024-12-02,95842.797591,2648.03
2024-12-03,96000.781351,2647.97
2024-12-04,98862.259548,2640.12
2024-12-05,97124.855719,2648.11
2024-12-06,99945.317097,2645.52
2024-12-07,99805.305412,2645.52
2024-12-08,101267.822877,2645.52
2024-12-09,97465.937831,2644.25
2024-12-10,96715.572478,2655.69
2024-12-11,101175.228264,2678.42
2024-12-12,100042.593847,2695.24
2024-12-13,101369.270704,2691.12
2024-12-14,101358.961865,2691.12
2024-12-15,104597.5905,2691.12
2024-12-16,105984.74309,2674.45
2024-12-17,106102.91596,2655.39
2024-12-18,100121.472752,2646.58
2024-12-19,97622.691509,2632.48
2024-12-20,97749.940324,2612.69
2024-12-21,97204.050921,2612.69
2024-12-22,95087.00635,2612.69
2024-12-23,94707.549751,2616.23
2024-12-24,98744.595049,2611.85
2024-12-25,99475.425187,2611.74
2024-12-26,95708.51979,2615.47
2024-12-27,94305.78678,2618.94
2024-12-28,95203.750528,2618.94
2024-12-29,93620.08323,2618.94
2024-12-30,92652.484174,2617.87
2024-12-31,93460.425527,2616.11
2025-01-01,94397.146082,2618.58
2025-01-02,96861.96532,2604
2025-01-03,98085.453674,2632.52
2025-01-04,98271.584767,2632.52
2025-01-05,98374.955565,2632.52
2025-01-06,102236.727312,2643.81
2025-01-07,96921.556925,2647.63
2025-01-08,95019.7188,2640.58
2025-01-09,92423.140508,2663.32
2025-01-10,94744.927364,2669.92
2025-01-11,94570.964216,2669.92
2025-01-12,94458.174832,2669.92
2025-01-13,94398.41427,2673.24
2025-01-14,96579.270887,2671.82
2025-01-15,100362.37325,2679.18
2025-01-16,100033.45627,2680.87
2025-01-17,104167.924702,2700.08
2025-01-18,104325.924369,2700.08
2025-01-19,101672.769031,2700.08
2025-01-20,101944.419947,2714.13
2025-01-21,106159.158201,2714.05
2025-01-22,103725.797794,2735.99
2025-01-23,104070.073594,2750.56
2025-01-24,104746.025956,2751.79
2025-01-25,104801.643332,2751.79
2025-01-26,102597.013676,2751.79
2025-01-27,101909.243203,2771.9
2025-01-28,101270.986864,2758.14
2025-01-29,103749.310306,2748.15
2025-01-30,104823.211547,2756.31
2025-01-31,102378.839818,2774.79
2025-02-01,100644.206315,2774.79
2025-02-02,97468.7,2774.79
2025-02-03,101578,2788.63
2025-02-04,97926.3,2812.83
2025-02-05,96518.8,2841.93
2025-02-06,96419.8,2856.59
2025-02-07,96475.8,2859.53
2025-02-08,96617.7,2859.53
2025-02-09,96400.5,2859.53
2025-02-10,97347.3,2873.06
2025-02-11,95830.3,2890.42
2025-02-12,97672.7,2897.21
2025-02-13,96567.8,2903.55
2025-02-14,97439.8,2913.96
2025-02-15,97572.4,2913.96
2025-02-16,96152.4,2913.96
2025-02-17,95762.5,2919.85
2025-02-18,95342.7,2911.68
2025-02-19,96592.2,2916.44
2025-02-20,98408.2,2929.48
2025-02-21,96144.6,2938.84
2025-02-22,96603.4,2938.84
2025-02-23,96076.7,2938.84
2025-02-24,91780.5,2940.77
2025-02-25,88754.6,2938.55
2025-02-26,83882.8,2931.37
2025-02-27,84625.2,2914.71
2025-02-28,84438.5,2880.3
2025-03-01,85841.8,2880.3
2025-03-02,94286.7,2880.3
2025-03-03,86384.8,2851.59
2025-03-04,87334.8,2883.97
2025-03-05,90825.3,2913.79
2025-03-06,90036.2,2920.15
2025-03-07,86671.3,2923.78
2025-03-08,86089.5,2923.78
2025-03-09,80467.4,2923.78
2025-03-10,78926,2918.59
2025-03-11,82667.3,2915.7
2025-03-12,83688.5,2913.47
2025-03-13,81126.7,2923.32
2025-03-14,84055.2,2951.83
2025-03-15,84375,2951.83
2025-03-16,82593.2,2951.83
2025-03-17,84110,2982.56
2025-03-18,82673.8,3000.39
2025-03-19,86859.7,3015.26
2025-03-20,84207.8,3024.8
2025-03-21,84046.6,3031.59
2025-03-22,83767.2,3031.59
2025-03-23,85687.8,3031.59
2025-03-24,87259.2,3026.66
2025-03-25,87404.7,3018.53
2025-03-26,86879.2,3020.12
2025-03-27,87157.7,3020.55
2025-03-28,84338.7,3046.05
2025-03-29,82494.3,3046.05
2025-03-30,82290.5,3046.05
2025-03-31,82416.7,3080.1
2025-04-01,85166,3105.45
2025-04-02,82554.8,3124.98
2025-04-03,83112.7,3133.91
2025-04-04,83846.5,3114.98
2025-04-05,83262.8,3114.98
2025-04-06,78443.5,3114.98
2025-04-07,79333,3066.15
2025-04-08,76386.5,3032
2025-04-09,82677,3026.65
2025-04-10,79634.8,3064.65
2025-04-11,83389,3141.18
2025-04-12,85327.3,3141.18
2025-04-13,83521.5,3141.18
2025-04-14,84505.8,3217.86
2025-04-15,83654.2,3214.42
2025-04-16,84157.4,3226.23
2025-04-17,84914,3289.64
2025-04-18,84447.8,3312.56
2025-04-19,85129.5,3312.56
2025-04-20,85068.5,3312.56
2025-04-21,87337.3,3304.13
2025-04-22,93620.2,3355.21
2025-04-23,93629,3379.39
2025-04-24,93913.7,3353.85
2025-04-25,94788.8,3306.73
2025-04-26,94663.5,3306.73
2025-04-27,93780.5,3306.73
2025-04-28,95039.7,3287.08
2025-04-29,94220.2,3303.1
2025-04-30,94227.3,3294.25
2025-05-01,96403.2,3287.44
2025-05-02,96853.8,3238.66
2025-05-03,95934.2,3238.66
2025-05-04,94265.3,3238.66
2025-05-05,94824.8,3257.99
2025-05-06,96840,3283.02
2025-05-07,97005.7,3341.97
2025-05-08,103112,3378.72
2025-05-09,102954,3355.98
2025-05-10,104561,3355.98
2025-05-11,103987,3355.98
2025-05-12,102949,3305.41
2025-05-13,104220,3240.39
2025-05-14,103597,3238.43
2025-05-15,103755,3214.37
2025-05-16,103545,3195.62
2025-05-17,103214,3195.62
2025-05-18,105884,3195.62
2025-05-19,105631,3184.48
2025-05-20,106892,3229.35
2025-05-21,109697,3260.21
2025-05-22,111518,3288.49
2025-05-23,107198,3302.76
2025-05-24,107847,3302.76
2025-05-25,108889,3302.76
2025-05-26,109394,3339.1
2025-05-27,109109,3331.97
2025-05-28,107842,3315.72
2025-05-29,105612,3294.88
2025-05-30,104038,3305.7
2025-05-31,104710,3305.7
2025-06-01,105750,3305.7
2025-06-02,105914,3302.01
2025-06-03,105432,3339.64
2025-06-04,104815,3348.08
2025-06-05,101660,3358.01
2025-06-06,104430,3371.78
2025-06-07,105683,3371.78
2025-06-08,105706,3371.78
2025-06-09,110227,3359.67
2025-06-10,110148,3331.14
2025-06-11,108642,3330.21
2025-06-12,106044,3344.15
2025-06-13,106104,3391.23
2025-06-14,105495,3391.23
2025-06-15,105573,3391.23
2025-06-16,107124,3414.66
2025-06-17,104710,3407.5
2025-06-18,104742,3390.97
2025-06-19,104715,3378.89
2025-06-20,103301,3372.17
2025-06-21,101451,3372.17
2025-06-22,100836,3372.17
2025-06-23,105467.51,3364.67
2025-06-24,105962,3367.64
2025-06-25,107244,3341.15
2025-06-26,106983,3325.77
2025-06-27,107071,3322.37
2025-06-28,107340,3322.37
2025-06-29,108389,3322.37
2025-06-30,107152,3290.18
2025-07-01,105590,3297.04
2025-07-02,108860,3326.81
2025-07-03,109604,3338.72
2025-07-04,108068,3338.41
2025-07-05,108239,3338.41
2025-07-06,109177,3338.41
2025-07-07,108264,3328.09
2025-07-08,108991.29,3319.98
2025-07-09,111403.36,3309.84
2025-07-10,115865.39,3305.63
2025-07-11,117589,3309.21
2025-07-12,117393,3309.21
2025-07-13,118910,3309.21
2025-07-14,119861,3346.03
2025-07-15,117725,3354.73
2025-07-16,118843,3346.31
2025-07-17,119497,3332.31
2025-07-18,117994,3330.32
2025-07-19,117903,3330.32
2025-07-20,117319,3330.32
2025-07-21,117457,3355.37
2025-07-22,120047,3375.21
2025-07-23,118598,3402.59
2025-07-24,118358,3405.01
2025-07-25,117576,3380.11
2025-07-26,117950,3380.11
2025-07-27,119412,3380.11
2025-07-28,118095,3340.5
2025-07-29,117809,3316.04
2025-07-30,117829,3315.25
2025-07-31,115762,3308.75
2025-08-01,113274,3296.42
2025-08-02,112686,3296.42
2025-08-03,114213,3296.42
2025-08-04,115152,3340
2025-08-05,114143,3362.85
2025-08-06,115019,3366.7
2025-08-07,117462,3382.06
2025-08-08,116709,3382.82
2025-08-09,116507,3382.82
2025-08-10,119284,3382.82
2025-08-11,118778,3380.26
2025-08-12,120219,3364.97
2025-08-13,123566,3356
2025-08-14,118568,3358.59
2025-08-15,117270,3354.03
2025-08-16,117486,3354.03
2025-08-17,117592,3354.03
2025-08-18,116200,3345.99
2025-08-19,112838,3339.53
2025-08-20,114271,3333.13
2025-08-21,112289,3338.62
2025-08-22,116860,3331.17
2025-08-23,115271,3331.17
2025-08-24,113540,3331.17
2025-08-25,110175,3344.01
2025-08-26,111787,3345.15
2025-08-27,111178,3361.91
2025-08-28,112508,3375.06
2025-08-29,108516,3403.2
2025-08-30,108780,3403.2
2025-08-31,108318,3403.2
2025-09-01,109194,3433.41
2025-09-02,111110,3452.2
2025-09-03,111743,3487.89
2025-09-04,110737,3528.79
2025-09-05,110654,3549.14
2025-09-06,110243,3549.14
2025-09-07,111291,3549.14
2025-09-08,112056.76,3584.53
2025-09-09,111522,3615.67
2025-09-10,113994,3638.34
2025-09-11,115473,3641.56
2025-09-12,116189,3636.88
2025-09-13,115951,3636.88
2025-09-14,115269,3636.88
2025-09-15,115354,3647.29
2025-09-16,116724,3663.06
2025-09-17,116529.85,3680.54
2025-09-18,117127,3681.78
2025-09-19,115620,3654.9
2025-09-20,115722,3654.9
2025-09-21,115309,3654.9
2025-09-22,112762,3669.54
2025-09-23,112098,3714.31
2025-09-24,113306,3758.1
2025-09-25,109028,3766.7
2025-09-26,109706,3743.88
2025-09-27,109660,3743.88
2025-09-28,112232,3743.88
2025-09-29,114322,3767.38
2025-09-30,113978,3803.44
2025-10-01,118416,3834.91
2025-10-02,120401,3855.23
2025-10-03,122324,3876.54
2025-10-04,122432,3876.54
2025-10-05,123546,3876.54
2025-10-06,124821,3884.96
2025-10-07,121471,3918.69
2025-10-08,123382,3974.55
2025-10-09,121591,4012.92
2025-10-10,113970,4024.54
2025-10-11,110931,4024.54
2025-10-12,115208,4024.54
2025-10-13,115168,4007.87
2025-10-14,113333,4062.25
2025-10-15,110818,4117.42
2025-10-16,108039,4190.58
2025-10-17,106621,4252.2
2025-10-18,107149,4252.2
2025-10-19,108547,4252.2
2025-10-20,110648,4250.03
2025-10-21,108534,4276.23
2025-10-22,107640,4193.79
2025-10-23,110064,4117.87
2025-10-24,111004,4102.94
2025-10-25,111585,4102.94
2025-10-26,114569,4102.94
2025-10-27,114162,4089.41
2025-10-28,113044,4015.88
2025-10-29,109965,3971.8
2025-10-30,108161,3976.36
2025-10-31,109604,3991.95
2025-11-01,110001,3991.95
2025-11-02,110369,3991.95
2025-11-03,106507,3998.96
2025-11-04,101523,4007.9
2025-11-05,103995,3966.53
2025-11-06,101239,3976.81
2025-11-07,103400,3995.44
2025-11-08,102341,3995.44
2025-11-09,104535,3995.44
2025-11-10,106173,4022.78
2025-11-11,102965,4066.34
2025-11-12,101572,4106.08
2025-11-13,100071,4150.3
2025-11-14,94778.2,4185.25
2025-11-15,95542,4185.25
2025-11-16,94324.2,4185.25
2025-11-17,91946,4131.58
2025-11-18,92747,4082.23
2025-11-19,91231,4062.65
2025-11-20,86804.2,4086.41
2025-11-21,85139.8,4078.14
2025-11-22,84757.2,4078.14
2025-11-23,86808.2,4078.14
2025-11-24,88307.2,4064.9
2025-11-25,87421.8,4081.22
2025-11-26,90524.5,4116.01
2025-11-27,91295.4,4148.15
2025-11-28,90960.7,4153.56
2025-11-29,90817.8,4153.56
2025-11-30,90654.2,4153.56
2025-12-01,86437.5,4183.81
2025-12-02,91441,4225
2025-12-03,93596.5,4212.83
2025-12-04,92155.2,4209.95
2025-12-05,89310.48,4201.92
2025-12-06,89223.4,4201.92
2025-12-07,90100,4201.92
2025-12-08,90612,4224.38
2025-12-09,92856.8,4210.42
2025-12-10,91993.8,4198.4
2025-12-11,92653.3,4203.85
2025-12-12,90335,4236.49
2025-12-13,90268.4,4236.49
2025-12-14,88156.3,4236.49
2025-12-15,86397.7,4336.35
2025-12-16,87759.3,4328.41
2025-12-17,86117,4300.35
2025-12-18,85360.6,4325.34
2025-12-19,88167,4327.97
2025-12-20,88298.4,4327.97
2025-12-21,88507,4327.97
2025-12-22,88410.5,4346.79
2025-12-23,87433.7,4414.14
2025-12-24,87613.8,4467.74
2025-12-25,87065,4470.64
2025-12-26,87283.7,4475.58
2025-12-27,87765.8,4475.58
2025-12-28,87794.6,4475.58
2025-12-29,87111,4480.35
2025-12-30,88437,4428.57
2025-12-31,87546,4357.57
2026-01-01,88687.8,4348.35
2026-01-02,89893.8,4317.13
2026-01-03,90589.2,4317.13
2026-01-04,91297.3,4317.13
2026-01-05,93952,4389.65
2026-01-06,93594.8,4414.65
2026-01-07,91244.96,4452.15
2026-01-08,91064.2,4439
2026-01-09,90549.3,4441.4
2026-01-10,90423,4441.4
2026-01-11,90750,4441.4
2026-01-12,91124.8,4502.94
2026-01-13,95074.6,4574.33
2026-01-14,97044.2,4604.86
2026-01-15,95570,4623.65
2026-01-16,95492.8,4607
2026-01-17,95099.5,4607
2026-01-18,93837.4,4607
2026-01-19,92610.7,4618.63
2026-01-20,88285.2,4673.45
2026-01-21,89357.5,4743.26
2026-01-22,89441.2,4840.53
2026-01-23,89416.6,4855.3
2026-01-24,89187.3,4855.3
2026-01-25,86586,4855.3
2026-01-26,88423,4972.52
2026-01-27,89334.5,5061
2026-01-28,89170.4,5133
2026-01-29,84561,5275
2026-01-30,84129.5,5386
2026-01-31,78680,5386
2026-02-01,76918.2,5386
2026-02-02,78775.2,4967.26
2026-02-03,75560.8,4805.17
2026-02-04,73301.8,4903.21
2026-02-05,63329,4987.95
2026-02-06,70640,4880.82
2026-02-07,69316.8,4880.82
2026-02-08,70537,4880.82
2026-02-09,70186.6,4926.06
2026-02-10,68775.7,5016
2026-02-11,66915,5050
2026-02-12,66170.8,5069
2026-02-13,68876.3,5043
2026-02-14,69814.2,5043
2026-02-15,68653.2,5043
2026-02-16,68836.4,4980.47
2026-02-17,67488.4,4979.24
2026-02-18,66436.5,4921.27
2026-02-19,66947.8,4932.62
2026-02-20,67952.7,4997.84
2026-02-21,67987.5,4997.84
2026-02-22,67536.2,4997.84
2026-02-23,64594.047222,5060
2026-02-24,64081.65525,5163
2026-02-25,67742.7,5164
2026-02-26,67497.7,5172
2026-02-27,65871.4,5177
2026-02-28,67028.2,5177
2026-03-01,65798,5177
2026-03-02,68919.4,5222
2026-03-03,68425.4,5305
2026-03-04,72742,5196
2026-03-05,70882.2,5147
2026-03-06,68214.2,5133
2026-03-07,67280.8,5133
2026-03-08,66120.7,5133
2026-03-09,68543.8,5089
2026-03-10,69891.49,5126
2026-03-11,70211.8,5163
2026-03-12,70579.4,5186
2026-03-13,70956.5,5150
2026-03-14,71165.8,5150
2026-03-15,72694.7,5150
2026-03-16,74838.2,5069
2026-03-17,74055.3,5010
2026-03-18,71330.8,5005
2026-03-19,69858.8,4884.49
2026-03-20,70514,4678.75
2026-03-21,69647.7,4678.75
2026-03-22,67997.8,4678.75
2026-03-23,70753.5,4557.66
2026-03-24,70609.2,4434.93
2026-03-25,71211.8,4441.68
2026-03-26,68725.8,4512.81
2026-03-27,66312.5,4447.78
2026-03-28,66318.7,4447.78
2026-03-29,66008.2,4447.78
2026-03-30,66681.3,4463.15
2026-03-31,68174.8,4534.04
2026-04-01,68141.7,4601.29
2026-04-02,66875.5,4692.47
2026-04-03,66906.3,4652.17
2026-04-04,67276.8,4652.17
2026-04-05,68939,4652.17
2026-04-06,68797.5,4646.93
2026-04-07,72171.8,4669.43
2026-04-08,71121.5,4680.15
2026-04-09,71776,4750.76
2026-04-10,72966.7,4758.79
2026-04-11,73124.7,4758.79
2026-04-12,70621.2,4758.79
2026-04-13,74546.3,4756.3
2026-04-14,74232.2,4751.29
2026-04-15,74761.8,4775.41
2026-04-16,75093.2,4809.23
2026-04-17,77154.4,4811.2
2026-04-18,75781.7,4870.47
2026-04-19,73927.3,4870.47
2026-04-20,75894.5,4812.87
2026-04-21,76353,4810.86
2026-04-22,78303.4,4783.57
2026-04-23,78280,4742.03
2026-04-24,77447.2,4708.88
2026-04-25,77622.2,4708.88
2026-04-26,78753.5,4708.88
2026-04-27,77325.5,4701.79
2026-04-28,76315.2,4685.29
2026-04-29,75787,4599.88
2026-04-30,76305.3,4566.03
2026-05-01,78138.8,4572.4
2026-05-02,78674.3,4572.4
2026-05-03,78560.8,4572.4
2026-05-04,79777.7,4606.98
2026-05-05,80926.4,4585.31
2026-05-06,81347.5,4603.61
2026-05-07,80020.2,4689.6
2026-05-08,80168.3,4727.26
2026-05-09,80667,4727.26
2026-05-10,82314.7,4727.26
2026-05-11,81739.5,4708.82
2026-05-12,80457.8,4682
2026-05-13,79264.5,4697.58
2026-05-14,81078.6,4694.19
2026-05-15,79078.8,4657.46
2026-05-16,78173,4682
2026-05-17,77204.8,4682
2026-05-18,76970.8,4550.28
2026-05-19,76819.7,4545.57
2026-05-20,77458,4521.36
2026-05-21,77637.3,4501.46
2026-05-22,75407.2,4511.93
2026-05-23,76633,4513.34
2026-05-24,77070,4513.34
2026-05-25,77259.7,4536.35
2026-05-26,75834.2,4537.17
2026-05-27,74363.6,4500.36
2026-05-28,73447.5,4460.8
2026-05-29,73329.2,4459.11
2026-05-30,73731.5,4460.05
2026-05-31,73550.7,4460.05
2026-06-01,71446,4495.38
2026-06-02,66680.6,4509.32
2026-06-03,64205,4481.37
2026-06-04,63674.5,4471.18
2026-06-05,60826.8,4456.3
2026-06-06,60829.7,4458.49
2026-06-07,63245.8,4458.49
2026-06-08,63009.2,4374.05
2026-06-09,61575.6,4324.49
2026-06-10,61440,4255.19
2026-06-11,63541.5,4147.26
2026-06-12,63517.14,4133.58
2026-06-13,64386.8,4133.58
2026-06-14,65624.4,4133.58
2026-06-15,66235.6,4261.12
2026-06-16,65621.4,4317.83
2026-06-17,64410,4340.95
2026-06-18,62832.8,4302.99
2026-06-19,63269.2,4219.92
2026-06-20,64225.2,4219.92
2026-06-21,63275.8,4219.92
2026-06-22,63900,4186.58
2026-06-23,62655.2,4159.03
2026-06-24,60905.4,4097.78
2026-06-25,59802.2,4047.48
2026-06-26,59995.4,4031.96
2026-06-27,59968.8,4031.96
2026-06-28,59648.4,4031.96
2026-06-29,60182.8,4038.91
2026-06-30,58550.2,4028.68
2026-07-01,59988.8,4016.63
2026-07-02,61467.6,4048.86
2026-07-03,62549,4126.66
2026-07-04,63142.2,4126.66
2026-07-05,63569.5,4126.66
2026-07-06,64076.33,4155.98
2026-07-07,63406.74,4145.69
2026-07-08,62227.3,4112.88
2026-07-09,63226.39,4091.17
2026-07-10,64117.14,4101.22
2026-07-11,63997.98,4101.22
2026-07-12,63731.27,4101.22
2026-07-13,62195.37,4083.16
2026-07-14,65013.46,4059.16
2026-07-15,64733.85,4047.63
2026-07-16,63821.46,4046.08
2026-07-17,63917.6,4024.67
2026-07-18,64787.7,4024.67
2026-07-19,64650.8,4024.67
2026-07-20,65195.8,4009.72
2026-07-21,66455.24,4033.59
2026-07-22,65988.8,4081.2
2026-07-23,65101.2,4105.83
2026-07-24,64104.4,4077.12
2026-07-25,64330.2,4080.38
2026-07-26,65333.5,4080.38
2026-07-27,63642.2,4082.31
2026-07-28,63843.2,4067.05
2026-07-29,63921.4,4036.34
2026-07-30,64827.6,4055.72
2026-07-31,62835,4072.47
2026-08-01,62771.3,4080.38
2026-08-02,63449.6,4080.38
2026-08-03,63437.2,4044.9
2026-08-04,64139,4049.68
2026-08-05,64601.2,4054.66
